Corn's Draft League,Main,Season 1,Absolute Victory,Swampert,Corsola-Galar
All Star Premier League,SS LC,Season 5,Singapore Fletchinder,Purrloin,Stunky
Cascade Draft League,Challengers Div 1,Season 9,Gibby Gibles,Buzzwole,Conkeldurr
Corn's Draft League,Main,Season 1,Boston Red Sawks,Cacturne,Cofagrigus
Cascade Draft League,Challengers Div 2,Season 9,Chicago Chatots,Cresselia,Grimmsnarl
Cascade Draft League,Masters,Season 9,Kajaani Sceptiles,Bronzong,Metagross
Corn's Draft League,Main,Season 1,King Groudon,Tapu Bulu,Swampert
Corn's Draft League,Main,Season 1,King Groudon,Hippowdon,Victini
Cascade Draft League,Challengers Div 2,Season 9,Sugar Sweet Sylveons,Oricorio,Raboot
Cascade Draft League,Challengers Div 2,Season 9,Bristol City Bewears,Hitmonchan,Hitmonlee
Cascade Draft League,Challengers Div 2,Season 9,Rivas Mold Breakers,Orbeetle,Bronzong
Corn's Draft League,Main,Season 1,King Groudon,Empoleon,Slowking-Galar
Cascade Draft League,Challengers Div 1,Season 9,Sheedge Squad,Camerupt-Mega,Sharpedo-Mega
Corn's Draft League,Main,Season 1,Dallas Glastriers,Golurk,Linoone
Corn's Draft League,Main,Season 1,Boston Red Sawks,Mienshao,Regigigas
Cascade Draft League,Masters,Season 9,Virginia Vaporeons,Mimikyu,Zygarde-10%
Cascade Draft League,Challengers Div 1,Season 9,Detroit Drapions,Glastrier,Jellicent
Corn's Draft League,Main,Season 1,King Groudon,Carbink,Pikachu
All Star Premier League,SS National Dex,Season 5,44th's Fire Blasts,Cradily,Torterra
Corn's Draft League,Main,Season 1,Long Island Lickitung,Togetic,Weezing
Corn's Draft League,Main,Season 1,Shitposting Serperiors,Komala,Golurk
Corn's Draft League,Main,Season 1,Los Angeles Rampardos,Gyarados,Nidoking
Corn's Draft League,Main,Season 1,King Groudon,Diancie-Mega,Latios-Mega
Corn's Draft League,Main,Season 1,Team Full Metal Wall,Bewear,Typhlosion
Corn's Draft League,Main,Season 1,King Groudon,Ninetales-Alola,Empoleon
Corn's Draft League,Main,Season 1,Absolute Victory,Granbull,Rotom
Corn's Draft League,Main,Season 1,King Groudon,Darmanitan-Galar,Torkoal
Corn's Draft League,Main,Season 1,Dallas Glastriers,Froslass,Golurk
Corn's Draft League,Main,Season 1,King Groudon,Absol-Mega,Diancie-Mega
Moon Lake Draft,Main,The Second,D.C Drapions,Komala,Coalossal
Corn's Draft League,Main,Season 1,Dallas Glastriers,Appletun,Froslass
All Star Premier League,SS National Dex,Season 5,Whiscash Wanderers,Stoutland,Kecleon
Corn's Draft League,Main,Season 1,Long Island Lickitung,Doublade,Dusknoir
Moon Lake Draft,Main,The Second,London ludicolos,Torkoal,Gallade
Corn's Draft League,Main,Season 1,Dallas Glastriers,Aerodactyl-Mega,Gyarados-Mega
All Star Premier League,ORAS Standard,Season 5,Amsterdam Bulushops,Uxie,Gurdurr
Corn's Draft League,Main,Season 1,Dallas Glastriers,Gyarados-Mega,Aerodactyl-Mega
Moon Lake Draft,Main,The Second,Vancouver Whiscash's,Whimsicott,Celebi
Moon Lake Draft,Main,The Second,Burning Reshirams,Altaria-Mega,Blastoise-Mega
Moon Lake Draft,Main,The Second,London ludicolos,Klefki,Diggersby
Moon Lake Draft,Main,The Second,London ludicolos,Slurpuff,Clawitzer
Cascade Draft League,Challengers Div 2,Season 9,Chicago Chatots,Muk-Alola,Slowking-Galar
Cascade Draft League,Challengers Div 2,Season 9,Glacier Bombers,Absol,Victreebel
All Star Premier League,SS National Dex,Season 5,Cherrygrove Chikoritas,Ribombee,Whimsicott
Corn's Draft League,Main,Season 1,Boston Red Sawks,Lycanroc,Slowking-Galar
Cascade Draft League,Masters,Season 9,Kajaani Sceptiles,Bewear,Scrafty
Moon Lake Draft,Main,The Second,Pulse Diancies,Zygarde,Duraludon
Moon Lake Draft,Main,The Second,Pulse Diancies,Ninetales-Alola,Sylveon
Cascade Draft League,Challengers Div 1,Season 9,Detroit Drapions,Gourgeist,Tangela
Cascade Draft League,Masters,Season 9,Tampa Bay Mukkaneers,Scrafty,Machamp
Moon Lake Draft,Main,The Second,Dallas Starmies,Persian-Alola,Zangoose
Cascade Draft League,Masters,Season 9,HBU Duskies,Sandaconda,Claydol
Corn's Draft League,Main,Season 1,Absolute Victory,Weezing-Galar,Sylveon
All Star Premier League,SS National Dex,Season 5,Doomphants,Mimikyu,Grimmsnarl
Cascade Draft League,Challengers Div 2,Season 9,Rivas Mold Breakers,Hoopa-Unbound,Spectrier
Corn's Draft League,Main,Season 1,Dallas Glastriers,Orbeetle,Meowstic
Cascade Draft League,Challengers Div 1,Season 9,Sheedge Squad,Blastoise,Mudsdale
Corn's Draft League,Main,Season 1,Dallas Glastriers,Butterfree,Orbeetle
Cascade Draft League,Masters,Season 9,Virginia Vaporeons,Salamence,Grimmsnarl
Cascade Draft League,Challengers Div 1,Season 9,Detroit Drapions,Delphox,Drapion
Corn's Draft League,Main,Season 1,King Groudon,Arctozolt,Medicham
Corn's Draft League,Main,Season 1,King Groudon,Magearna,Toxapex
Corn's Draft League,Main,Season 1,Absolute Victory,Corsola-Galar,Rotom-Heat
Corn's Draft League,Main,Season 1,Shitposting Serperiors,Weezing,Turtonator
Corn's Draft League,Main,Season 1,Long Island Lickitung,Shedinja,Sableye
Corn's Draft League,Main,Season 1,Long Island Lickitung,Nidoqueen,Flygon
Corn's Draft League,Main,Season 1,King Groudon,Sableye-Mega,Absol-Mega
Corn's Draft League,Main,Season 1,King Groudon,Mamoswine,Empoleon
All Star Premier League,ORAS Standard,Season 5,Colombia Clangers,Vaporeon,Seismitoad
Heatmor Feeding Grounds,Main,Season 2,Ori and the Will-O-Wisps,Audino,Chansey
Cascade Draft League,Challengers Div 1,Season 9,Smog Frogs,Braviary,Linoone
Cascade Draft League,Challengers Div 2,Season 9,New York Yanmegas,Jirachi,Hoopa-Unbound
All Star Premier League,SS National Dex,Season 5,Cherrygrove Chikoritas,Decidueye,Cursola
Corn's Draft League,Main,Season 1,Boston Red Sawks,Goodra,Cacturne
Cascade Draft League,Challengers Div 2,Season 9,Santiago Surge-Surfers,Grotle,Cradily
Cascade Draft League,Challengers Div 1,Season 9,Gibby Gibles,Golurk,Gible
Corn's Draft League,Main,Season 1,Absolute Victory,Emboar,Sandslash-Alola
Cascade Draft League,Masters,Season 9,Overdrive Pignites,Omastar,Golisopod
Cascade Draft League,Masters,Season 9,Kajaani Sceptiles,Zoroark,Lycanroc
Cascade Draft League,Masters,Season 9,Tampa Bay Mukkaneers,Registeel,Stakataka
Corn's Draft League,Main,Season 1,SoCal Stakatakas,Gurdurr,Rhydon
All Star Premier League,SS National Dex,Season 5,Doomphants,Moltres-Galar,Scrafty
Cascade Draft League,Challengers Div 1,Season 9,Sheedge Squad,Incineroar,Articuno-Galar
Cascade Draft League,Challengers Div 2,Season 9,Sugar Sweet Sylveons,Gourgeist,Kangaskhan
Corn's Draft League,Main,Season 1,Dallas Glastriers,Gligar,Registeel
Cascade Draft League,Masters,Season 9,Vegas Night Marchers,Mismagius,Passimian
Corn's Draft League,Main,Season 1,Dallas Glastriers,Mr.Mime-Galar,Butterfree
All Star Premier League,SS Tier 3 and Below,Season 5,Bordeaux Bewear,Aggron,Ferroseed
Corn's Draft League,Main,Season 1,Absolute Victory,Porygon-Z,Weezing-Galar
Corn's Draft League,Main,Season 1,King Groudon,Mr.Rime,Tauros
Corn's Draft League,Main,Season 1,Absolute Victory,Yanmega,Porygon-Z
All Star Premier League,ORAS Standard,Season 5,Colombia Clangers,Shuckle,Ditto
Corn's Draft League,Main,Season 1,Shitposting Serperiors,Primeape,Komala
Corn's Draft League,Main,Season 1,King Groudon,Roserade,Miltank
Cascade Draft League,Masters,Season 9,Vegas Night Marchers,Toxapex,Darmanitan-Galar
Cascade Draft League,Challengers Div 1,Season 9,Smog Frogs,Mesprit,Azelf
Cascade Draft League,Challengers Div 2,Season 9,New York Yanmegas,Kartana,Serperior
Corn's Draft League,Main,Season 1,King Groudon,Shiinotic,Carbink
Cascade Draft League,Challengers Div 1,Season 9,Detroit Lycanrocs,Mamoswine,Darmanitan-Galar
Corn's Draft League,Main,Season 1,King Groudon,Drapion,Articuno
Cascade Draft League,Masters,Season 9,Shadows' Stallions,Feraligatr,Blissey
Cascade Draft League,Challengers Div 1,Season 9,Gibby Gibles,Komala,Illumise
Corn's Draft League,Main,Season 1,King Groudon,Torkoal,Mamoswine
Corn's Draft League,Main,Season 1,Soaked Skittys,Vanilluxe,Sharpedo
Cascade Draft League,Challengers Div 2,Season 9,Sugar Sweet Sylveons,Kangaskhan-Mega,Banette-Mega
Cascade Draft League,Challengers Div 1,Season 9,Kinghts of Wailord,Hariyama,Palossand
Corn's Draft League,Main,Season 1,King Groudon,Medicham,Drapion
Cascade Draft League,Challengers Div 2,Season 9,Baltimore Oricorios,Landorus,Kingdra
Corn's Draft League,Main,Season 1,Dallas Glastriers,Blaziken,Pelipper
Corn's Draft League,Main,Season 1,King Groudon,Slowbro,Togekiss
Corn's Draft League,Main,Season 1,King Groudon,Victini,Hippowdon
Corn's Draft League,Main,Season 1,Absolute Victory,Wailord,Lopunny
Corn's Draft League,Main,Season 1,King Groudon,Mamoswine,Tapu Bulu
Corn's Draft League,Main,Season 1,Absolute Victory,Steelix,Dubwool
All Star Premier League,SS National Dex,Season 5,Doomphants,Rotom-Frost,Dodrio
ALPH,Fisheous Rend Go Brrr,Season 11,Liberty Delibirds,Venusaur,Houndoom
Moon Lake Draft,Main,The Second,London ludicolos,Blacephalon,Victini
Moon Lake Draft,Main,The Second,Dallas Starmies,Registeel,Weezing-Galar
Moon Lake Draft,Main,The Second,London ludicolos,Articuno,Torkoal
Heatmor Feeding Grounds,Main,Season 2,Primarina Sonata,Xurkitree,Rotom-Heat
Heatmor Feeding Grounds,Main,Season 2,Falinks Engineering,Falinks,Raboot
Moon Lake Draft,Main,The Second,Dallas Starmies,Charizard,Scrafty
ALPH,Fisheous Rend Go Brrr,Season 11,Liberty Delibirds,Houndoom-Mega,Absol-Mega
ALPH,Fisheous Rend Go Brrr,Season 11,Liberty Delibirds,Hoopa,Sylveon
ALPH,Fisheous Rend Go Brrr,Season 11,Liberty Delibirds,Suicune,Azelf
Cascade Draft League,Masters,Season 9,Vegas Night Marchers,Rotom-Fan,Tropius
Cascade Draft League,Challengers Div 1,Season 9,Smog Frogs,Doublade,Forretress
Cascade Draft League,Challengers Div 2,Season 9,New York Yanmegas,Pangoro,Hariyama
All Star Premier League,SS LC,Season 5,New York Koffing,Munna,Joltik
Ever Grande Draft League,Main,Season 1,Montana Meganiums,Corsola-Galar,Cursola
Cascade Draft League,Challengers Div 1,Season 9,Detroit Lycanrocs,Uxie,Cobalion
Corn's Draft League,Main,Season 1,King Groudon,Clefable,Magearna
Cascade Draft League,Masters,Season 9,Shadows' Stallions,Accelgor,Rampardos
COVID Lockdown Fast Draft,Main,Season 2,Puerto Rico Stuffuls,Altaria-Mega,Kangaskhan-Mega
Ever Grande Draft League,Main,Season 1,Dutchland dracos,Weezing-Galar,Doublade
Ever Grande Draft League,Main,Season 1,Seattle Seismitoads,Doublade,Donphan
Corn's Draft League,Main,Season 1,Los Angeles Rampardos,Magneton,Crobat
All Star Premier League,SS Tier 3 and Below,Season 5,Alberta Altaria,Xatu,Leafeon
Corn's Draft League,Main,Season 1,Absolute Victory,Lopunny,Vanilluxe
COVID Lockdown Fast Draft,Main,Season 2,Puerto Rico Stuffuls,Espeon,Sigilyph
Cascade Draft League,Challengers Div 2,Season 9,Baltimore Oricorios,Gyarados-Mega,Diancie-Mega
COVID Lockdown Fast Draft,Main,Season 2,Claremont Saws,Lycanroc,Duraludon
COVID Lockdown Fast Draft,Main,Season 2,Winterfell Zacian,Cofagrigus,Runerigus
Ever Grande Draft League,Main,Season 1,Chicago Chandeluers,Gigalith,Tentacruel
COVID Lockdown Fast Draft,Main,Season 2,High Tier Shuckles,Audino,Regice
Cascade Draft League,Challengers Div 2,Season 9,Baltimore Oricorios,Ambipom,Palossand
All Star Premier League,ORAS Standard,Season 5,Joey,Cobalion,Registeel
Corn's Draft League,Main,Season 1,King Groudon,Miltank,Roserade
All Star Premier League,SS National Dex,Season 5,44th's Fire Blasts,Aromatisse,Diancie
Ever Grande Draft League,Main,Season 1,Seattle Seismitoads,Nidoking,Zoroark
Corn's Draft League,Main,Season 1,Los Angeles Rampardos,Greninja,Hawlucha
Moon Lake Draft,Main,The Second,Burning Reshirams,Type:Null,Aggron
Heatmor Feeding Grounds,Main,Season 2,Ori and the Will-O-Wisps,Flygon,Regice
Heatmor Feeding Grounds,Main,Season 2,Ori and the Will-O-Wisps,Mimikyu,Ribombee
Moon Lake Draft,Main,The Second,Burning Reshirams,Araquanid,Ribombee
Corn's Draft League,Main,Season 1,SoCal Stakatakas,Palossand,Mismagius
Corn's Draft League,Main,Season 1,Dallas Glastriers,Gyarados-Mega,Swampert-Mega
Moon Lake Draft,Main,The Second,Burning Reshirams,Gengar,Rotom-Wash
Corn's Draft League,Main,Season 1,King Groudon,Slowking-Galar,Zygarde-10%
Moon Lake Draft,Main,The Second,Burning Reshirams,Machamp,Magmortar
All Star Premier League,SS National Dex,Season 5,Vegas Night Marchers,Skarmory,Tyranitar
Corn's Draft League,Main,Season 1,Baltimore Corviknights,Drapion,Escavalier
Moon Lake Draft,Main,The Second,Vancouver Whiscash's,Thundurus-Therian,Toxtricity
Corn's Draft League,Main,Season 1,Boston Red Sawks,Venusaur-Mega,Tyranitar-Mega
All Star Premier League,SS Tier 3 and Below,Season 5,Bran Flakes,Miltank,Sableye
All Star Premier League,ORAS Standard,Season 5,Colombia Clangers,Moltres,Blaziken
Ever Grande Draft League,Main,Season 1,Seattle Seismitoads,Cryogonal,Qwilfish
All Star Premier League,ORAS Standard,Season 5,Joey,Rotom-Mow,Eelektross
Corn's Draft League,Main,Season 1,King Groudon,Abomasnow-Mega,Sableye-Mega
Moon Lake Draft,Main,The Second,San Jose Shedinja’s,Appletun,Lanturn
Moon Lake Draft,Main,The Second,Dallas Starmies,Terrakion,Darmanitan-Galar
Heatmor Feeding Grounds,Main,Season 2,Goldeen Experience Requiem,Swellow,Galvantula
Heatmor Feeding Grounds,Main,Season 2,Goldeen Experience Requiem,Drapion,Garbodor
Heatmor Feeding Grounds,Main,Season 2,Primarina Sonata,Porygon2,Heliolisk
All Star Premier League,SS National Dex,Season 5,Vegas Night Marchers,Archeops,Stoutland
All Star Premier League,SS LC,Season 5,Colorado Mamoswine,Trapinch,Clamperl
All Star Premier League,SS Tier 3 and Below,Season 5,New England Patrats,Gogoat,Tangela
Ever Grande Draft League,Main,Season 1,Dutchland dracos,Corviknight,Kommo-o
Corn's Draft League,Main,Season 1,Absolute Victory,Duraludon,Dugtrio-Alola
Cascade Draft League,Challengers Div 1,Season 9,Detroit Lycanrocs,Melmetal,Hoopa-Unbound
Ever Grande Draft League,Main,Season 1,Chicago Chandeluers,Indeedee,Tangrowth
Ever Grande Draft League,Main,Season 1,Chicago Chandeluers,Slowbro-Mega,Tyranitar-Mega
Corn's Draft League,Main,Season 1,King Groudon,Zygarde-10%,Celebi
COVID Lockdown Fast Draft,Main,Season 2,High Tier Shuckles,Ninetales-Alola,Sylveon
COVID Lockdown Fast Draft,Main,Season 2,High Tier Shuckles,Gengar,Porygon2
Cascade Draft League,Challengers Div 1,Season 9,Castelia City CatJams,Zapdos-Galar,Zeraora
Ever Grande Draft League,Main,Season 1,Chicago Chandeluers,Salazzle,Emboar
Corn's Draft League,Main,Season 1,Los Angeles Rampardos,Porygon-Z,Pincurchin
Ever Grande Draft League,Main,Season 1,Montana Meganiums,Kommo-o,Infernape
Ever Grande Draft League,Main,Season 1,Montana Meganiums,Xatu,Aerodactyl
Ever Grande Draft League,Main,Season 1,Montana Meganiums,Dugtrio,Zygarde-10%
Cascade Draft League,Challengers Div 2,Season 9,Bristol City Bewears,Raichu,Vikavolt
All Star Premier League,ORAS Standard,Season 5,Amsterdam Bulushops,Amoonguss,Celebi
Moon Lake Draft,Main,The Second,Boston Snoms,Ribombee,Gardevoir
Corn's Draft League,Main,Season 1,Absolute Victory,Dubwool,Komala
Moon Lake Draft,Main,The Second,Boston Snoms,Dragonite,Zapdos
Corn's Draft League,Main,Season 1,King Groudon,Victini,Slowbro
Corn's Draft League,Main,Season 1,Soaked Skittys,Gourgeist,Shedinja
Corn's Draft League,Main,Season 1,Team Full Metal Wall,Hippopotas,Phione
Ever Grande Draft League,Main,Season 1,Washington Wishiwashi,Sigilyph,Toxicroak
Ever Grande Draft League,Main,Season 1,Sydney Dedenne,Chandelure,Rotom-Mow
Ever Grande Draft League,Main,Season 1,Sydney Dedenne,Swampert,Gastrodon
Moon Lake Draft,Main,The Second,Toronto Tepigs,Druddigon,Audino
Moon Lake Draft,Main,The Second,Springfield Scizors,Volcanion,Hippowdon
Moon Lake Draft,Main,The Second,Boston Snoms,Rotom-Wash,Kommo-o
All Star Premier League,SS Tier 3 and Below,Season 5,Bordeaux Bewear,Charizard,Centiskorch
Corn's Draft League,Main,Season 1,Boston Red Sawks,Tyranitar,Kartana
Corn's Draft League,Main,Season 1,Baltimore Corviknights,Typhlosion,Escavalier
Corn's Draft League,Main,Season 1,King Groudon,Toxapex,Clefable
All Star Premier League,SS LC,Season 5,Colorado Mamoswine,Flabebe,Phanpy
Moon Lake Draft,Main,The Second,Springfield Scizors,Zygarde-10%,Hatterene
All Star Premier League,SS LC,Season 5,New York Koffing,Pikipek,Solosis
Moon Lake Draft,Main,The Second,Springfield Scizors,Absol-Mega,Garchomp-Mega
Ever Grande Draft League,Main,Season 1,Washington Wishiwashi,Tyrantrum,Duraludon
Moon Lake Draft,Main,The Second,Springfield Scizors,Virizion,Blaziken
All Star Premier League,ORAS Standard,Season 5,Joey,Mesprit,Hariyama
SKL,Main,Season 9,Vegas Night Marchers,Swampert,Seismitoad
Ever Grande Draft League,Main,Season 1,Kent Bronzongs,Typhlosion,Combusken
All Star Premier League,SS National Dex,Season 5,Vegas Night Marchers,Sneasel,Delphox
Ever Grande Draft League,Main,Season 1,Kent Bronzongs,Absol-Mega,Manectric-Mega
Ever Grande Draft League,Main,Season 1,Kent Bronzongs,Lanturn,Lapras
SKL,Main,Season 9,Hunters Arrow,Masquerain,Vivillon
SKL,Main,Season 9,Hunters Arrow,Gardevoir-Mega,Pidgeot-Mega
SKL,Main,Season 9,Low Tide Lotads,Bronzong,Hoopa
SKL,Main,Season 9,New England Braviarys,Cresselia,Goodra
SKL,Main,Season 9,New England Braviarys,Dusclops,Trevenant
SKL,Main,Season 9,Liberty Delibirds,Alomomola,Uxie
SKL,Main,Season 9,Puerto Rico Stuffuls,Machamp,Doublade
SKL,Main,Season 9,Puerto Rico Stuffuls,Exploud,Gligar
SKL,Main,Season 9,Puerto Rico Stuffuls,Steelix,Kangaskhan
Ever Grande Draft League,Main,Season 1,Kent Bronzongs,Heracross,Hoopa
Cascade Draft League,Challengers Div 2,Season 9,Bristol City Bewears,Charizard-Mega-X,Absol-Mega
Moon Lake Draft,Main,The Second,Springfield Scizors,Xurkitree,Chansey
Cascade Draft League,Challengers Div 1,Season 9,California Cacturnes,Garbodor,Floatzel
All Star Premier League,SS Tier 3 and Below,Season 5,New England Patrats,Sandaconda,Audino
SKL,Main,Season 9,New England Braviarys,Gligar,Sigilyph
SKL,Main,Season 9,New England Braviarys,Virizion,Gogoat
SKL,Main,Season 9,Liberty Delibirds,Meloetta,Kingdra
Cascade Draft League,Challengers Div 2,Season 9,Chicago Chatots,Togetic,Cryogonal
ALPH,Fisheous Rend Go Brrr,Season 11,Ravenclaw Talonflames,Celebi,Shaymin
ALPH,Fisheous Rend Go Brrr,Season 11,West Texas ‘Niners,Charizard-Mega-X,Charizard
SKL,Main,Season 9,North London Landos,Cinccino,Qwilfish
ALPH,Fisheous Rend Go Brrr,Season 11,Harrisburg Hitmonlees,Steelix,Sandslash
ALPH,Fisheous Rend Go Brrr,Season 11,Harrisburg Hitmonlees,Spiritomb,Persian-Alola
ALPH,Wish Teleport Repeat,Season 11,Kajaani Sceptiles,Slowbro,Toxapex
ALPH,Wish Teleport Repeat,Season 11,Kajaani Sceptiles,Keldeo,Diancie
ALPH,Fisheous Rend Go Brrr,Season 11,West Texas ‘Niners,Lycanroc-Dusk,Lycanroc-Midnight
ALPH,Fisheous Rend Go Brrr,Season 11,West Texas ‘Niners,Azumarill,Galvantula
ALPH,Fisheous Rend Go Brrr,Season 11,Detroit F,Jirachi,Hoopa-Unbound
ALPH,Fisheous Rend Go Brrr,Season 11,Detroit F,Poliwrath,Cinccino
ALPH,Fisheous Rend Go Brrr,Season 11,Detroit F,Hydreigon,Manaphy
ALPH,Fisheous Rend Go Brrr,Season 11,Detroit F,Nidoqueen,Roserade
SKL,Main,Season 9,All Steel Skarmory,Conkeldurr,Lucario
SKL,Main,Season 9,All Steel Skarmory,Kangaskhan,Fletchinder
SKL,Main,Season 9,All Steel Skarmory,Tornadus,Venomoth
ALPH,Fisheous Rend Go Brrr,Season 11,Rochester raikou,Probopass,Aggron
ALPH,Fisheous Rend Go Brrr,Season 11,West Texas ‘Niners,Leafeon,Kingdra
SKL,Main,Season 9,Arctic Flamers,Raikou,Latios
SKL,Main,Season 9,Primarina Sonata,Stunfisk,Linoone
ALPH,Wish Teleport Repeat,Season 11,Miami Rotom-Heat,Salamence,Latios
ALPH,Wish Teleport Repeat,Season 11,Miami Rotom-Heat,Hippowdon,Tapu Fini
ALPH,Wish Teleport Repeat,Season 11,Miami Rotom-Heat,Empoleon,Audino
ALPH,Wish Teleport Repeat,Season 11,Miami Rotom-Heat,Gardevoir,Gligar
ALPH,Fisheous Rend Go Brrr,Season 11,West Texas ‘Niners,Diancie-Mega,Charizard-Mega-X
ALPH,Fisheous Rend Go Brrr,Season 11,West Texas ‘Niners,Gliscor,Alakazam
ALPH,Fisheous Rend Go Brrr,Season 11,West Texas ‘Niners,Volcanion,Arcanine
ALPH,Fisheous Rend Go Brrr,Season 11,West Texas ‘Niners,Azelf,Lycanroc-Dusk
ALPH,Fisheous Rend Go Brrr,Season 11,West Texas ‘Niners,Alomomola,Ninetales
ALPH,Fisheous Rend Go Brrr,Season 11,West Texas ‘Niners,Dusclops,Leafeon
ALPH,Fisheous Rend Go Brrr,Season 11,West Texas ‘Niners,Vikavolt,Heliolisk
ALPH,Fisheous Rend Go Brrr,Season 11,West Texas ‘Niners,Virizion,Azumarill
Ever Grande Draft League,Main,Season 1,Washington Wishiwashi,Yanmega,Sigilyph
Corn's Draft League,Main,Season 1,Absolute Victory,Rotom,Wailord
Corn's Draft League,Main,Season 1,Absolute Victory,Crobat,Arctozolt
Corn's Draft League,Main,Season 1,Los Angeles Rampardos,Celesteela,Gyarados
Corn's Draft League,Main,Season 1,Long Island Lickitung,Latios-Mega,Blastoise-Mega
Corn's Draft League,Main,Season 1,King Groudon,Ninetales-Alola,Empoleon
All Star Premier League,SS LC,Season 5,Colorado Mamoswine,Gossifleur,Snover
All Star Premier League,SS National Dex,Season 5,Whiscash Wanderers,Gigalith,Inteleon
All Star Premier League,ORAS Standard,Season 5,Amsterdam Bulushops,Kabutops,Kingdra
ALPH,Main,Season 2,Los Angeles Pikachus,Sandslash,Bibarel
ALPH,Main,Season 2,Wayland Wailords,Crobat,Chatot
ALPH,Main,Season 2,Wayland Wailords,Ampharos,Cradily
ALPH,Main,Season 2,San Francisco Arcaniners,Thundurus,Tyranitar
ALPH,Main,Season 2,San Francisco Arcaniners,Decidueye,Talonflame
ALPH,Main,Season 2,New York Pokemon Rangers,Sigilyph,Palossand
ALPH,Main,Season 2,Portland Pikachus,Lunatone,Bellossom
ALPH,Main,Season 1,Colorado Avaluggs,Zygarde,Thundurus
ALPH,Main,Season 1,Colorado Avaluggs,Cobalion,Meloetta
ALPH,Main,Season 1,Ajax Aipoms,Blastoise-Mega,Charizard-Mega-Y
ALPH,Main,Season 1,Ravenclaw Talonflames,Suicune,Keldeo
ALPH,Main,Season 1,Ravenclaw Talonflames,Clefable,Chansey
ALPH,Main,Season 1,West Virginia Weepinbells,Quagsire,Vaporeon
ALPH,Main,Season 1,West Virginia Weepinbells,Uxie,Dhelmise
ALPH,Main,Season 1,West Virginia Weepinbells,Dhelmise,Hitmontop
ALPH,Main,Season 1,West Virginia Weepinbells,Noivern,Dusclops
ALPH,Main,Season 1,Durham Durants,Qwilfish,Drampa
ALPH,Main,Season 1,Durham Durants,Donphan,Metagross
ALPH,Main,Season 1,Bravo Braviarys,Raichu,Electivire
ALPH,Main,Season 1,Bravo Braviarys,Shiftry,Braviary
ALPH,Main,Season 1,Bravo Braviarys,Mandibuzz,Alakazam
ALPH,Main,Season 1,Primarina Sonata,Zebstrika,Probopass
ALPH,Main,Season 1,Primarina Sonata,Chesnaught,Kommo-o
ALPH,Main,Season 1,St. Louis Excadrills,Jolteon,Slowbro
Cascade Draft League,East Shellos,Season 4,Bobaffet's Syndicate,Piloswine,Doublade
Cascade Draft League,East Shellos,Season 4,The Stockpile Crusaders,Tauros,Clefairy
Cascade Draft League,East Shellos,Season 4,Guardian Glaceons,Crobat,Marowak-Alola
Cascade Draft League,East Shellos,Season 4,Vegas Night Marchers,Audino,Stoutland
Cascade Draft League,East Shellos,Season 4,Tahiti Tailslappers,Sawsbuck,Haxorus
Cascade Draft League,East Shellos,Season 4,Spheal With It,Serperior,Azumarill
Cascade Draft League,East Shellos,Season 4,Spheal With It,Tentacruel,Whimsicott
Cascade Draft League,East Shellos,Season 4,Spheal With It,Diggersby,Sandslash-Alola
Cascade Draft League,East Shellos,Season 4,Manaphy's Incompetent Squad,Yanmega,Mothim
Cascade Draft League,East Shellos,Season 4,Toronto Raticates,Raticate-Alola,Raticate
Cascade Draft League,East Shellos,Season 4,Guardian Glaceons,Claydol,Hitmontop
Cascade Draft League,East Shellos,Season 4,Bobaffet's Syndicate,Marowak-Alola,Celebi
Cascade Draft League,East Shellos,Season 4,Bobaffet's Syndicate,Granbull,Garbodor
Cascade Draft League,East Shellos,Season 4,San Francisco Brandons,Latias-Mega,Gardevoir-Mega
Cascade Draft League,East Shellos,Season 4,San Francisco Brandons,Vaporeon,Crobat
Cascade Draft League,East Shellos,Season 4,San Francisco Brandons,Comfey,Jellicent
Cascade Draft League,Main,Season 3,Elk Grove Exploud,Espeon,Uxie
Cascade Draft League,Main,Season 3,Florida Froslass,Swellow,Honchkrow
Cascade Draft League,Main,Season 3,Florida Froslass,Slowbro,Cloyster
Cascade Draft League,Main,Season 3,Pakd Machamps,Meloetta,Ditto
Cascade Draft League,Main,Season 3,DC Darmanitans,Rotom-Mow,Electivire
Cascade Draft League,Main,Season 3,Florida Froslass,Pinsir-Mega,Steelix-Mega
Cascade Draft League,Main,Season 3,Vegas Night Marchers,Magneton,Escavalier
Cascade Draft League,Main,Season 3,Claremont Saws,Latios,Excadrill
Cascade Draft League,Main,Season 3,Claremont Saws,Nidoqueen,Sylveon
Cascade Draft League,Main,Season 3,Sacramento Nidokings,Garbodor,Avalugg
Cascade Draft League,Main,Season 3,The Arctic Mankeys,Aerodactyl-Mega,Altaria-Mega
Cascade Draft League,Main,Season 3,Friendship Is Magic,Beedrill-Mega,Aerodactyl-Mega
Cascade Draft League,Main,Season 3,Friendship Is Magic,Tyrantrum,Sandslash-Alola
Cascade Draft League,Main,Season 3,The Duffled Bags,Alakazam-Mega,Gallade-Mega
Cascade Draft League,Main,Season 3,The Duffled Bags,Virizion,Tangrowth
Cascade Draft League,Main,Season 3,Vegas Night Marchers,Toxicroak,Whimsicott
Cascade Draft League,Main,Season 3,The Steamed Hams,Porygon-Z,Roserade
Cascade Draft League,Main,Season 3,Seattle Sceptiles,Blastoise,Vaporeon
Cascade Draft League,Main,Season 2,The Arctic Mankeys,Sandslash,Mudsdale
Cascade Draft League,Main,Season 2,Worst School Idols,Virizion,Lilligant
Cascade Draft League,Main,Season 2,Totally Tubular Toxicroaks,Pyukumuku,Bidoof
Cascade Draft League,Main,Season 2,Florida Froslass,Leavanny,Omanyte
Cascade Draft League,Main,Season 2,Evanston Empoleons,Xurkitree,Milotic
Cascade Draft League,Main,Season 2,New England Dastards,Dragalge,Forretress
Cascade Draft League,Main,Season 2,Pillars of Tahoma,Gallade,Gligar
Cascade Draft League,Main,Season 2,Pillars of Tahoma,Dragonite,Heatran
Cascade Draft League,Main,Season 2,The Krusty Kinglers,Durant,Crobat
Cascade Draft League,Main,Season 2,The Krusty Kinglers,Charizard,Kingler
Cascade Draft League,Main,Season 2,Evanston Empoleons,Dhelmise,Chesnaught
Cascade Draft League,Main,Season 2,The Duffled Bags,Stoutland,Nihilego
Cascade Draft League,Main,Season 2,The Duffled Bags,Heatran,Conkeldurr
Cascade Draft League,Main,Season 2,Klaremont Krooks,Kingdra,Celebi
Cascade Draft League,Main,Season 2,Klaremont Krooks,Gardevoir,Magneton
Cascade Draft League,Main,Season 2,Klaremont Krooks,Rotom,Kyurem
Cascade Draft League,Main,Season 2,Totally Tubular Toxicroaks,Ribombee,Garbodor
Cascade Draft League,Main,Season 2,Blood Pancakes,Breloom,Silvally
Cascade Draft League,Main,Season 2,Mellow Marshmallowy Marshadows,Salamence,Tyranitar
Cascade Draft League,Main,Season 2,DC Darmanitans,Mandibuzz,Gengar
Cascade Draft League,Main,Season 2,Florida Froslass,Lanturn,Eelektross
Cascade Draft League,Main,Season 2,Blood Pancakes,Eelektross,Sceptile
Cascade Draft League,Main,Season 2,Florida Froslass,Tornadus-Therian,Skarmory
Cascade Draft League,Main,Season 2,Florida Froslass,Toxapex,Mismagius
Cascade Draft League,Main,Season 2,Evanston Empoleons,Dugtrio-Alola,Dunsparce
Cascade Draft League,Main,Season 2,Los Angeles Lucarios,Silvally,Hitmontop
Cascade Draft League,Main,Season 2,The Pillar Mons,Hippowdon,Claydol
Cascade Draft League,Main,Season 2,The Pillar Mons,Feraligatr,Liepard
Cascade Draft League,Main,Season 2,The Pillar Mons,Cryogonal,Lickilicky
Cascade Draft League,Main,Season 2,The Pillar Mons,Crobat,Decidueye
Cascade Draft League,Main,Season 1,Fearless Furrets,Raikou,Porygon2
Cascade Draft League,Main,Season 1,Travant Did Nothing Wrong,Alakazam,Staraptor
Cascade Draft League,Main,Season 1,Stabby Mimikyus,Ludicolo,Whimsicott
Cascade Draft League,Main,Season 1,Travant Did Nothing Wrong,Jolteon,Cloyster
Cascade Draft League,Main,Season 1,The Duffled Bags,Hitmonchan,Gligar
Cascade Draft League,Main,Season 1,The Duffled Bags,Tentacruel,Salazzle
Cascade Draft League,Main,Season 1,The Pakd Machamps,Entei,Darmanitan
Cascade Draft League,Main,Season 1,Travant Did Nothing Wrong,Staraptor,Swellow
Cascade Draft League,Main,Season 1,The Pakd Machamps,Donphan,Cutiefly
Cascade Draft League,Main,Season 1,Travant Did Nothing Wrong,Cloyster,Crustle
Cascade Draft League,Main,Season 1,The Pakd Machamps,Tapu Fini,Slowpoke
Cascade Draft League,Main,Season 1,Travant Did Nothing Wrong,Hawlucha,Gallade
Cascade Draft League,Main,Season 1,MultiManMelee,Crawdaunt,Azelf
Cascade Draft League,Challengers,Season 5,Asian Araquanids,Durant,Feraligatr
Cascade Draft League,Challengers,Season 5,Asian Araquanids,Crawdaunt,Dugtrio
Cascade Draft League,Challengers,Season 5,Walnut Walreins,Toxapex,Volcanion
Cascade Draft League,Challengers,Season 5,United Kingdra,Type:Null,Rotom
Cascade Draft League,Challengers,Season 5,Chicago Chatots,Uxie,Dusclops
Cascade Draft League,Challengers,Season 5,Walnut Walreins,Jellicent,Accelgor
Cascade Draft League,Challengers,Season 5,Whiscash Wanderers,Vaporeon,Swampert
Cascade Draft League,Masters,Season 6,Colorado Mamoswine,Porygon-Z,Forretress
Cascade Draft League,Masters,Season 6,Colorado Mamoswine,Venomoth,Salazzle
Cascade Draft League,Masters,Season 6,Colorado Mamoswine,Torracat,Froslass
Cascade Draft League,Masters,Season 6,Spheal With It,Pelipper,Blissey
Cascade Draft League,Masters,Season 6,Spheal With It,Seismitoad,Gligar
Cascade Draft League,Masters,Season 6,Spheal With It,Hoopa,Slowbro
Cascade Draft League,Masters,Season 6,Pillars of Tahoma,Starmie,Azelf
Cascade Draft League,Masters,Season 6,Pillars of Tahoma,Blissey,Milotic
Cascade Draft League,Masters,Season 6,Colorado Mamoswine,Froslass,Cofagrigus
Cascade Draft League,Masters,Season 6,44th's Fire Blasts,Kyurem-Black,Bisharp
Cascade Draft League,Masters,Season 6,Whiscash Wanderers,Linoone,Ditto
Cascade Draft League,Masters,Season 6,Pillars of Tahoma,Quagsire,Lickilicky
Cascade Draft League,Masters,Season 6,Richmond Reuniclus,Misdreavus,Primeape
Cascade Draft League,Masters,Season 6,The Arctic Mankeys,Torterra,Eelektross
Cascade Draft League,Masters,Season 6,El Centro Eccentrics,Kecleon,Mesprit
Cascade Draft League,Masters,Season 6,El Centro Eccentrics,Liepard,Noivern
Cascade Draft League,Masters,Season 6,El Centro Eccentrics,Gallade-Mega,Blastoise-Mega
Cascade Draft League,Masters,Season 6,Whiscash Wanderers,Xatu,Raichu-Alola
Cascade Draft League,Masters,Season 6,Solid Snivy's Squad,Clefairy,Diancie
Cascade Draft League,Masters,Season 6,Solid Snivy's Squad,Forretress,Rotom
Cascade Draft League,Masters,Season 6,Vegas Night Marchers,Steelix,Lampent
Cascade Draft League,Masters,Season 6,Whiscash Wanderers,Heliolisk,Porygon-Z
Cascade Draft League,Masters,Season 6,Vegas Night Marchers,Masquerain,Druddigon
Cascade Draft League,Masters,Season 6,Vegas Night Marchers,Haxorus,Yanmega
Cascade Draft League,Masters,Season 6,44th's Fire Blasts,Ditto,Aromatisse
Cascade Draft League,Masters,Season 6,Bordeaux Bewear,Whimsicott,Breloom
Cascade Draft League,Challengers,Season 6,Tahiti Tailslappers,Nidoking,Leafeon
Cascade Draft League,Challengers,Season 6,Tahiti Tailslappers,Bisharp,Honchkrow
Cascade Draft League,Challengers,Season 6,San Francisco Shucklefucks,Manectric,Quagsire
Cascade Draft League,Challengers,Season 6,Glasgow Comatose,Klefki,Registeel
Cascade Draft League,Challengers,Season 6,Glasgow Comatose,Leafeon,Rotom
Cascade Draft League,Challengers,Season 6,Glasgow Comatose,Swellow,Roserade
Cascade Draft League,Challengers,Season 6,United Kingdra,Uxie,Metagross
Cascade Draft League,Challengers,Season 6,United Kingdra,Muk,Rotom-Frost
Cascade Draft League,Challengers,Season 6,United Kingdra,Buzzwole,Scolipede
Cascade Draft League,Challengers,Season 6,North London Landos,Silvally,Aerodactyl
Cascade Draft League,Challengers,Season 6,California Cacturnes,Zangoose,Persian-Alola
Cascade Draft League,Challengers,Season 6,Tahiti Tailslappers,Noivern,Slurpuff
Cascade Draft League,Challengers,Season 6,Primarina Sonata,Persian-Alola,Skuntank
Cascade Draft League,Challengers,Season 6,Primarina Sonata,Talonflame,Emboar
Cascade Draft League,Challengers,Season 6,Primarina Sonata,Gigalith,Miltank
UPBA,Main,Off Season 1,Milan Mimes Memes,Slowking,Lanturn
UPBA,Main,Off Season 1,Milan Mimes Memes,Audino,Sigilyph
UPBA,Main,Off Season 1,Milan Mimes Memes,Golisopod,Accelgor
UPBA,Main,Off Season 1,Colorado Mamoswine,Floette-Eternal,Wigglytuff
ALPH T3 and Below,Main,Season 2,Natchez Trace Naganadels,Spiritomb,Swoobat
ALPH T3 and Below,Main,Season 2,Liberty Delibirds,Meloetta,Luxray
ALPH T3 and Below,Main,Season 2,Marauding Meatpods,Regirock,Glaceon
ALPH T3 and Below,Main,Season 2,Liberty Delibirds,Mawile,Basculin
ALPH T3 and Below,Main,Season 2,Liberty Delibirds,Persian-Alola,Beedrill
ALPH T3 and Below,Main,Season 2,Liberty Delibirds,Rapidash,Golem-Alola
ALPH T3 and Below,Main,Season 2,Split Palossands,Simisear,Ditto
ALPH T3 and Below,Main,Season 2,Niagara Gengars,Ditto,Dugtrio
ALPH T3 and Below,Main,Season 2,Colorado Mamoswine,Gourgeist,Fraxure
ALPH,Main,Season 6,Reykjavik Photon Geyser,Hariyama,Accelgor
ALPH,Main,Season 6,Green Bay Pacharisus,Comfey,Ariados
ALPH,Main,Season 6,Niagra Gengars,Blaziken,Ditto
ALPH,Main,Season 6,Tupelo Toxicroaks,Alakazam,Espeon
ALPH,Main,Season 6,Green Bay Pacharisus,Thundurus,Garchomp
ALPH T3 and Below,Main,Season 2,Colorado Mamoswine,Barbaracle,Servine
All Star Premier League,Main,Season 1,Milan Mimes Memes,Lanturn,Qwilfish
All Star Premier League,Main,Season 1,Milan Mimes Memes,Azumarill,Jirachi
All Star Premier League,Main,Season 1,Milan Mimes Memes,Bronzong,Eelektross
All Star Premier League,Main,Season 1,Colorado Mamoswine,Toxapex,Milotic
All Star Premier League,Main,Season 1,Colorado Mamoswine,Lickilicky,Stoutland
All Star Premier League,Main,Season 1,Vermont Victinis,Durant,Dodrio
SKL,Main,Season 7,The Arctic Seis,Breloom,Haxorus
ALPH,Main,Season 6,San Antonio Espurrs,Reuniclus,Gliscor
ALPH,Main,Season 6,Reykjavik Photon Geyser,Cutiefly,Golbat
ALPH,Main,Season 6,Niagra Gengars,Blastoise,Hitmonchan
ALPH,Main,Season 6,Colorado Mamoswine,Type:Null,Lanturn
ALPH,Main,Season 6,Green Bay Pacharisus,Nidoking,Magneton
ALPH,Main,Season 6,Reykjavik Photon Geyser,Gliscor,Mienshao
ALPH,Main,Season 6,Reykjavik Photon Geyser,Solrock,Mudsdale
ALPH,Main,Season 6,Green Bay Pacharisus,Absol,Palossand
ALPH,Main,Season 6,Colorado Mamoswine,Togedemaru,Rampardos
ALPH,Main,Season 6,Atlanta Haunters,Porygon2,Roserade
ALPH,Main,Season 6,Green Bay Pacharisus,Tyrantrum,Skarmory
ALPH,Main,Season 6,Green Bay Pacharisus,Durant,Sneasel
ALPH,Main,Season 6,Tupelo Toxicroaks,Diancie,Stakataka
ALPH,Main,Season 6,Green Bay Pacharisus,Avalugg,Weedle
ALPH,Main,Season 5,Milan Mimes Memes,Diancie-Mega,Gyarados-Mega
ALPH,Main,Season 5,Milan Mimes Memes,Mandibuzz,Slurpuff
ALPH,Main,Season 5,Milan Mimes Memes,Clamperl,Aurorus
ALPH,Main,Season 4,Milan Mimes Memes,Tangela,Clamperl
ALPH,Main,Season 4,Rome Lycanrocs,Gligar,Flygon
ALPH,Main,Season 4,Niagra Gengars,Forretress,Stakataka
ALPH,Main,Season 4,Niagra Gengars,Araquanid,Ribombee
ALPH,Main,Season 4,New England Patrats,Hariyama,Talonflame
ALPH,Main,Season 4,Colorado Mamoswine,Camerupt-Mega,Aggron-Mega
ALPH,Main,Season 4,Colorado Mamoswine,Dragalge,Rampardos
ALPH,Main,Season 4,Colorado Mamoswine,Ampharos,Scyther
ALPH,Main,Season 4,Colorado Mamoswine,Stakataka,Rotom-Heat
ALPH,Main,Season 4,Milan Mimes Memes,Diancie-Mega,Altaria-Mega
ALPH,Main,Season 4,Milan Mimes Memes,Qwilfish,Muk-Alola
ALPH,Main,Season 4,Milan Mimes Memes,Mime Jr.,Bronzor
ALPH,Main,Season 4,Atlanta Haunters,Reuniclus,Mimikyu
ALPH,Main,Season 4,Atlanta Haunters,Whimsicott,Empoleon
ALPH,Main,Season 4,Atlanta Haunters,Escavalier,Rotom
ALPH,Main,Season 4,Ketch These Hands,Scrafty,Infernape
ALPH,Main,Season 4,Tupelo Toxicroaks,Infernape,Buzzwole
ALPH,Main,Season 4,Ketch These Hands,Thundurus,Krookodile
ALPH,Main,Season 4,Ketch These Hands,Entei,Magnezone
ALPH,Main,Season 4,Ketch These Hands,Golurk,Gengar
ALPH,Main,Season 4,Toronto Fire Chickens,Latios,Dragonite
ALPH,Main,Season 4,Toronto Fire Chickens,Alomomola,Toxapex
ALPH,Main,Season 4,Toronto Fire Chickens,Ferrothorn,Volbeat
ALPH,Main,Season 4,Toronto Fire Chickens,Vikavolt,Salazzle
ALPH,Main,Season 4,Greenville Blazikens,Rotom-Fan,Zebstrika
ALPH,Main,Season 4,Oregon Golducks,Rotom-Frost,Pikachu
ALPH,Main,Season 4,Stockton Poipole,Swampert-Mega,Lopunny-Mega
ALPH,Main,Season 4,Stockton Poipole,Thundurus-Therian,Xurkitree
ALPH,Main,Season 4,Stockton Poipole,Sliggoo,Drifblim
ALPH,Main,Season 4,Stockton Poipole,Heracross,Goodra
ALPH,Main,Season 4,Rome Lycanrocs,Toxicroak,Skuntank
ALPH,Main,Season 4,Niagra Gengars,Exploud,Spiritomb
ALPH,Main,Season 4,New England Patrats,Nihilego,Scolipede
ALPH,Main,Season 4,New England Patrats,Gogoat,Wobbuffet
ALPH,Main,Season 4,Atlanta Haunters,Cryogonal,Jynx
ALPH,Main,Season 4,New England Patrats,Rotom-Heat,Tentacruel
ALPH,Main,Season 4,Atlanta Haunters,Tentacruel,Greninja
ALPH,Main,Season 4,Tupelo Toxicroaks,Rhyperior,Hippopotas
ALPH,Main,Season 4,Tupelo Toxicroaks,Magnezone,Excadrill
ALPH,Main,Season 4,Tupelo Toxicroaks,Mantine,Slowking
ALPH,Main,Season 4,Richmond Reuniclus,Pidgeot-Mega,Houndoom-Mega
ALPH,Main,Season 4,Richmond Reuniclus,Terrakion,Skarmory
ALPH,Standard,Season 3,Libretto Lugias,Zygarde,Blacephalon
ALPH,Standard,Season 3,Libretto Lugias,Torkoal,Zygarde-10%
ALPH,Standard,Season 3,Libretto Lugias,Ninetales-Alola,Dugtrio
ALPH,Standard,Season 3,Libretto Lugias,Azelf,Gardevoir
ALPH,Standard,Season 3,Paras Saint Germain,Pawniard,Kecleon
ALPH,Standard,Season 3,Paras Saint Germain,Drampa,Drapion
ALPH,Standard,Season 3,Paras Saint Germain,Gliscor,Ninetales-Alola
ALPH,Standard,Season 3,South Ajax Starmies,Chandelure,Emboar
ALPH,Standard,Season 3,South Ajax Starmies,Throh,Electrode
ALPH,Standard,Season 3,Oregon Golducks,Blacephalon,Gengar
ALPH,Standard,Season 3,Oregon Golducks,Gumshoos,Darmanitan
ALPH,Standard,Season 3,Oregon Golducks,Ariados,Gumshoos
ALPH,Standard,Season 3,Stockton Poipole,Leavanny,Gorebyss
ALPH,Standard,Season 3,Stockton Poipole,Lycanroc-Midnight,Lurantis
ALPH,Standard,Season 3,Stockton Poipole,Drapion,Qwilfish
ALPH,Standard,Season 3,Colorado Avaluggs,Hitmontop,Oricorio
ALPH,Standard,Season 3,Colorado Avaluggs,Vikavolt,Komala
ALPH,Standard,Season 3,Colorado Avaluggs,Murkrow,Scrafty
ALPH,Standard,Season 3,Detroit Dittos,Steelix-Mega,Blastoise-Mega
ALPH,Standard,Season 3,Detroit Dittos,Xurkitree,Greninja
ALPH,Standard,Season 3,Detroit Dittos,Xatu,Machamp
ALPH,Standard,Season 3,Detroit Dittos,Moltres,Durant
ALPH,Standard,Season 3,New Jersey Duckletts,Raichu-Alola,Shiftry
ALPH,Standard,Season 3,New Jersey Duckletts,Dusclops,Dugtrio-Alola
ALPH,Standard,Season 3,New Jersey Duckletts,Ribombee,Typhlosion
ALPH,Standard,Season 3,Carolina Kyurem Blacks,Lilligant,Roselia
ALPH,D-League,Season 3,St. Louis Carnivines,Aggron,Pikachu
ALPH,D-League,Season 3,St. Louis Carnivines,Drampa,Lanturn
ALPH,D-League,Season 3,St. Louis Carnivines,Heliolisk,Azelf
ALPH,D-League,Season 3,Puerto Rico Meloettas,Primarina,Shaymin
ALPH,D-League,Season 3,Puerto Rico Meloettas,Sceptile,Blastoise
ALPH,D-League,Season 3,Primarina Sonata,Donphan,Chandelure
ALPH,D-League,Season 3,Primarina Sonata,Virizion,Ribombee
ALPH,D-League,Season 3,Primarina Sonata,Electrode,Gallade
ALPH,D-League,Season 3,Primarina Sonata,Clefairy,Gumshoos
ALPH,Main,Season 2,Rockin' Raichus,Xatu,Ninjask
ALPH,Main,Season 2,Rockin' Raichus,Lycanroc,Primeape
ALPH,Main,Season 2,Detroit Dittos,Gardevoir,Qwilfish
ALPH,Main,Season 2,Detroit Dittos,Muk,Shiinotic
ALPH,Main,Season 2,Durham Durants,Gigalith,Aromatisse
ALPH,Main,Season 2,Durham Durants,Goodra,Gliscor
ALPH,Main,Season 2,Carolina Kyurems,Machamp,Smeargle
ALPH,Main,Season 2,Carolina Kyurems,Aggron,Noivern
ALPH,Main,Season 2,Carolina Kyurems,Cinccino,Wishiwashi
ALPH,Main,Season 2,Carolina Kyurems,Dedenne,Ferroseed
ALPH,Main,Season 2,West Virginia Weepinbells,Meganium,Probopass
ALPH,Main,Season 2,Colorado Avaluggs,Tornadus,Cloyster
ALPH,Main,Season 2,Colorado Avaluggs,Omastar,Gourgeist
ALPH,Main,Season 2,Colorado Avaluggs,Registeel,Ferrothorn
ALPH,Main,Season 2,Colorado Avaluggs,Cresselia,Hitmonlee
ALPH,Main,Season 2,Wild Charge Vikavolts,Mawile,Kadabra
ALPH,Main,Season 2,Harrisonburg Hitmonlees,Pyroar,Combusken
ALPH,Main,Season 2,Los Angeles Pikachus,Spiritomb,Zangoose
ALPH,Main,Season 6,San Antonio Espurrs,Sharpedo-Mega,Sableye-Mega
Cascade Draft League,Masters,Season 5,Pillars of Tahoma,Bronzong,Tauros
Cascade Draft League,Masters,Season 5,La Tuque's Xatu,Masquerain,Ariados
Cascade Draft League,Masters,Season 5,44th's Fire Blasts,Espeon,Dugtrio-Alola
Cascade Draft League,Masters,Season 5,Vegas Night Marchers,Drampa,Druddigon
Cascade Draft League,Masters,Season 5,Vermont Victinis,Linoone,Dusknoir
Cascade Draft League,Masters,Season 5,44th's Fire Blasts,Steelix,Haunter
Cascade Draft League,Masters,Season 5,Abrupt Absols,Araquanid,Leavanny
Cascade Draft League,Masters,Season 5,Abrupt Absols,Archeops,Crobat
Cascade Draft League,Masters,Season 5,Abrupt Absols,Lucario,Terrakion
Cascade Draft League,Masters,Season 5,Vegas Night Marchers,Tangela,Silvally
Cascade Draft League,Masters,Season 5,Vegas Night Marchers,Emboar,Magmortar
Cascade Draft League,Masters,Season 5,44th's Fire Blasts,Pinsir-Mega,Charizard-Mega-X
Cascade Draft League,Masters,Season 5,Spheal With It,Vileplume,Avalugg
Cascade Draft League,Masters,Season 5,Spheal With It,Snorlax,Galvantula
Cascade Draft League,West Shellos,Season 4,Parramatta Eelektriks,Zapdos,Volcanion
Cascade Draft League,West Shellos,Season 4,Parramatta Eelektriks,Ribombee,Tornadus
Cascade Draft League,West Shellos,Season 4,Parramatta Eelektriks,Espeon,Chesnaught
Cascade Draft League,West Shellos,Season 4,Sin City Staraptors,Shuckle,Exploud
Cascade Draft League,West Shellos,Season 4,Shady Skarmories,Claydol,Type:Null
Cascade Draft League,West Shellos,Season 4,Sin City Staraptors,Type:Null,Cryogonal
Cascade Draft League,West Shellos,Season 4,La Tuque's Xatu,Aggron,Abomasnow
Cascade Draft League,West Shellos,Season 4,DC Darmanitans,Goodra,Rotom-Wash
Cascade Draft League,West Shellos,Season 4,DC Darmanitans,Doublade,Flygon
Cascade Draft League,West Shellos,Season 4,Claremont Saws,Moltres,Milotic
Cascade Draft League,West Shellos,Season 4,Claremont Saws,Greninja,Talonflame
Cascade Draft League,West Shellos,Season 4,Louisiana Lilligants,Murkrow,Rotom
Cascade Draft League,West Shellos,Season 4,Louisiana Lilligants,Amoonguss,Tangrowth
Cascade Draft League,West Shellos,Season 4,Wakanda Weaviles,Flygon,Incineroar
Cascade Draft League,West Shellos,Season 4,Wakanda Weaviles,Pyukumuku,Dusclops
Cascade Draft League,West Shellos,Season 4,Sin City Staraptors,Nidoqueen,Gardevoir
Cascade Draft League,West Shellos,Season 4,Budweismon Lite,Xatu,Golem-Alola
Cascade Draft League,West Shellos,Season 4,Louisiana Lilligants,Leavanny,Amoonguss
Cascade Draft League,West Shellos,Season 4,Mount Tahoma Tauros,Cloyster,Silvally
Cascade Draft League,West Shellos,Season 4,Claremont Saws,Silvally,Dugtrio-Alola
Cascade Draft League,West Shellos,Season 4,Louisiana Lilligants,Gengar,Garbodor
Cascade Draft League,West Shellos,Season 4,Mount Tahoma Tauros,Gurdurr,Gligar
Cascade Draft League,West Shellos,Season 4,Mount Tahoma Tauros,Azelf,Hydreigon
Cascade Draft League,West Shellos,Season 4,Mount Tahoma Tauros,Diggersby,Starmie
Cascade Draft League,West Shellos,Season 4,Budweismon Lite,Noivern,Marowak-Alola
Cascade Draft League,West Shellos,Season 4,Budweismon Lite,Magneton,Exeggutor-Alola
Cascade Draft League,West Shellos,Season 4,Sootopolis Suicunes,Rotom-Wash,Manaphy
Cascade Draft League,West Shellos,Season 4,Sootopolis Suicunes,Cresselia,Haunter
Cascade Draft League,West Shellos,Season 4,Claremont Saws,Mamoswine,Kingdra
Cascade Draft League,East Shellos,Season 4,San Francisco Brandons,Jellicent,Milotic
Cascade Draft League,East Shellos,Season 4,San Francisco Brandons,Zeraora,Torkoal
Cascade Draft League,East Shellos,Season 4,San Francisco Brandons,Muk-Alola,Haunter
Cascade Draft League,East Shellos,Season 4,Vegas Night Marchers,Golbat,Hitmonlee
Cascade Draft League,East Shellos,Season 4,Tahiti Tailslappers,Haxorus,Cinccino
Cascade Draft League,East Shellos,Season 4,Guardian Glaceons,Marowak-Alola,Entei
Cascade Draft League,East Shellos,Season 4,Tahiti Tailslappers,Goodra,Toxicroak
Cascade Draft League,East Shellos,Season 4,Tahiti Tailslappers,Kommo-o,Weavile
Cascade Draft League,East Shellos,Season 4,Manaphy's Incompetent Squad,Houndoom,Emolga
Cascade Draft League,East Shellos,Season 4,Manaphy's Incompetent Squad,Rotom,Jolteon
Cascade Draft League,East Shellos,Season 4,Vegas Night Marchers,Gigalith,Lycanroc-Dusk
Cascade Draft League,East Shellos,Season 4,Vegas Night Marchers,Stoutland,Kadabra
Cascade Draft League,East Shellos,Season 4,Bobaffet's Syndicate,Mimikyu,Gardevoir
ALPH,Main,Season 7,Cladchup Buluswines,Stakataka,Slowking
ALPH,Main,Season 7,Cladchup Buluswines,Ditto,Diancie
ALPH,Main,Season 7,Niagra Gengars,Medicham-Mega,Scizor-Mega
ALPH,Main,Season 7,Chelseaking Pokemon Club,Xatu,Aerodactyl
ALPH,Main,Season 7,Chelseaking Pokemon Club,Whimsicott,Tentacruel
ALPH,Main,Season 7,Chelseaking Pokemon Club,Amoonguss,Celebi
ALPH,Main,Season 7,Chelseaking Pokemon Club,Kangaskhan,Wigglytuff
ALPH,Main,Season 7,Atlanta Haunters,Latios,Rotom-Wash
ALPH,Main,Season 7,Atlanta Haunters,Seismitoad,Espeon
ALPH,Main,Season 7,Los Lombres Hermanos,Persian-Alola,Volcarona
ALPH,Main,Season 7,Los Lombres Hermanos,Latias,Haxorus
ALPH,Main,Season 7,Los Lombres Hermanos,Charizard-Mega-Y,Absol-Mega
ALPH,Main,Season 7,Richmond Reuniclus,Blastoise-Mega,Venusaur-Mega
ALPH,Main,Season 7,Richmond Reuniclus,Victini,Tyranitar
ALPH,Main,Season 7,Richmond Reuniclus,Gigalith,Mantine
ALPH,Main,Season 7,Richmond Reuniclus,Masquerain,Musharna
SKL,Main,Season 7,Red Star Eons,Necrozma,Liepard
SKL,Main,Season 7,Red Star Eons,Feraligatr,Slowking
SKL,Main,Season 7,New England Entei,Comfey,Primarina
SKL,Main,Season 7,New England Entei,Golisopod,Lycanroc
SKL,Main,Season 7,Yin Yang Zangooses,Torracat,Lucario
SKL,Main,Season 7,Yin Yang Zangooses,Meloetta,Mudsdale
SKL,Main,Season 7,Yin Yang Zangooses,Nidoqueen,Arbok
SKL,Main,Season 7,The Arctic Seis,Umbreon,Celebi
SKL,Main,Season 7,The Arctic Seis,Komala,Absol
SKL,Main,Season 7,The Pillar Mons,Regigigas,Drampa
SKL,Main,Season 7,The Pillar Mons,Ditto,Sceptile
SKL,Main,Season 7,The Pillar Mons,Hawlucha,Togekiss
SKL,Main,Season 7,New England Entei,Ribombee,Snorlax
SKL,Main,Season 7,North London Landos,Talonflame,Chandelure
SKL,Main,Season 7,North London Landos,Magneton,Diancie
SKL,Main,Season 7,Primarina Sonata,Lickilicky,Gengar
SKL,Main,Season 7,Primarina Sonata,Drapion,Volbeat
SKL,Main,Season 7,Shanghai Dragonairs,Dhelmise,Donphan
SKL,Main,Season 7,Whiscash Wanderers,Dewpider,Solrock
ALPH,Main,Season 8,Pillar Mons,Kyurem,Floette-Eternal
ALPH,Main,Season 8,Pillar Mons,Clefairy,Cryogonal
ALPH,Main,Season 8,Greenville Blazikens,Pyukumuku,Bibarel
ALPH,Main,Season 8,Pillar Mons,Duosion,Magikarp
ALPH,Main,Season 8,Glasgow Comatose,Cloyster,Nidoqueen
ALPH,Main,Season 8,Joey_RiverAPP,Raikou,Kartana
ALPH,Main,Season 8,Joey_RiverAPP,Chesnaught,Jolteon
ALPH,Main,Season 8,Joey_RiverAPP,Forretress,Heracross-Mega
ALPH,Main,Season 8,Joey_RiverAPP,Houndoom-Mega,Incineroar
ALPH,Main,Season 8,jerrytheboss62,Machamp,Wigglytuff
ALPH,Main,Season 8,Colorado Mamoswine,Nidoqueen,Dugtrio
ALPH,Main,Season 8,Colorado Mamoswine,Reshiram,Deoxys-Attack
ALPH,Main,Season 8,Chelseaking PC,Azelf,Uxie
ALPH,Main,Season 8,Colorado Mamoswine,Manectric-Mega,Tornadus-Therian
ALPH,Main,Season 8,Colorado Mamoswine,Metagross,Magneton
ALPH,Main,Season 8,jerrytheboss62,Dhelmise,Cofagrigus
ALPH,Main,Season 8,jerrytheboss62,Mesprit,Tsareena
UPBA,Main,Season 6,Singapore Sableyes,Terrakion,Togekiss
UPBA,Main,Season 6,Singapore Sableyes,Staraptor,Metagross
UPBA,Main,Season 6,Singapore Sableyes,Mesprit,Golisopod
UPBA,Main,Season 6,Mega Aggron and His Good Blobs,Latios,Clefable
UPBA,Main,Season 6,Mega Aggron and His Good Blobs,Raichu,Altaria
UPBA,Main,Season 6,Mega Aggron and His Good Blobs,Vullaby,Chimecho
UPBA,Main,Season 6,Cape Town Krookodiles,Chatot,Masquerain
UPBA,Main,Season 6,Columbus Tornadus,Toucannon,Roselia
UPBA,Main,Season 6,Minnesota Hyperfangs,Blaziken,Seismitoad
UPBA,Main,Season 6,Minnesota Hyperfangs,Piloswine,Magmortar
UPBA,Main,Season 6,Colorado Mamoswine,Meowstic,Inkay
UPBA,Main,Season 6,St. John Sharpedoes,Mienshao,Amoonguss
UPBA,Main,Season 6,St. John Sharpedoes,Sceptile,Scrafty
UPBA,Main,Season 6,St. John Sharpedoes,Primarina,Rotom-Heat
UPBA,Main,Season 6,Houston Gastros,Emboar,Crobat
UPBA,Main,Season 6,Houston Gastros,Dhelmise,Torterra
UPBA,Main,Season 5,Kajaani Sceptiles,Zoroark,Hitmontop
UPBA,Main,Season 5,Kajaani Sceptiles,Miltank,Drapion
UPBA,Main,Season 5,Kajaani Sceptiles,Weezing,Zoroark
UPBA,Main,Season 5,Washington Blizzards,Starmie,Sylveon
UPBA,Main,Season 5,Washington Blizzards,Aromatisse,Porygon-Z
UPBA,Main,Season 5,Washington Blizzards,Heracross,Pangoro
UPBA,Main,Season 5,Utah Weez,Venusaur-Mega,Heracross-Mega
UPBA,Main,Season 5,Utah Weez,Raichu-Alola,Honchkrow
UPBA,Main,Season 5,Utah Weez,Gligar,Dusclops
UPBA,Main,Season 5,Team Name,Togekiss,Tornadus-Therian
UPBA,Main,Season 5,Team Name,Gothitelle,Ludicolo
UPBA,Main,Season 5,Team Name,Slaking,Whiscash
UPBA,Main,Season 5,Columbus Tornadus,Zeraora,Thundurus-Therian
UPBA,Main,Season 5,Columbus Tornadus,Nihilego,Terrakion
UPBA,Main,Season 5,Columbus Tornadus,Hippowdon,Nidoking
UPBA,Main,Season 5,Mew York Yankees,Tornadus-Therian,Umbreon
UPBA,Main,Season 5,Mew York Yankees,Drapion,Lycanroc
UPBA,Main,Season 5,Mew York Yankees,Masquerain,Jynx
UPBA,Main,Season 5,Colorado Mamoswine,Exeggutor,Tangela
UPBA,Main,Season 5,EverGarden Eevees,Sceptile-Mega,Ampharos-Mega
UPBA,Main,Season 5,EverGarden Eevees,Electrode,Vespiquen
UPBA,Main,Season 5,Singapore Sableyes,Crustle,Misdreavus
UPBA,Main,Season 5,Autism,Diancie,Silvally
UPBA,Main,Season 5,Autism,Manectric,Emolga
UPBA,Main,Season 5,Autism,Noctowl,Purugly
UPBA,Main,Season 2,Azalea Town Aipoms,Blaziken,Ludicolo
UPBA,Main,Season 2,Twilit Tapus,Delphox,Spiritomb
UPBA,Main,Season 2,Twilit Tapus,Leavanny,Murkrow
UPBA,Main,Season 2,Twilit Tapus,Kommo-o,Amoonguss
UPBA,Main,Season 2,Death Valley Houndooms,Milotic,Keldeo
UPBA,Main,Season 2,Death Valley Houndooms,Machamp,Crustle
UPBA,Main,Season 2,Death Valley Houndooms,Rampardos,Haunter
UPBA,Main,Season 2,Ottawa Nidokings,Kyurem,Dragalge
UPBA,Main,Season 2,St. John's Sharpedoes,Snorlax,Nihilego
UPBA,Main,Season 2,St. John's Sharpedoes,Cobalion,Heracross
UPBA,Main,Season 2,St. John's Sharpedoes,Manectric,Zebstrika
UPBA,Main,Season 2,Cape Town Krookodiles,Machamp,Medicham
UPBA,Main,Season 2,Cape Town Krookodiles,Mienshao,Machamp
UPBA,Main,Season 2,Richmond Reuniclus,Raichu-Alola,Gigalith
UPBA,Main,Season 2,St. Catherines Suicunes,Celebi,Gardevoir
UPBA,Main,Season 2,St. Catherines Suicunes,Ambipom,Komala
UPBA,Main,Season 2,Gallifreyan Gallades,Komala,Golem-Alola
UPBA,Main,Season 2,Gallifreyan Gallades,Rhydon,Servine
UPBA,Main,Season 2,Gallifreyan Gallades,Sliggoo,Raichu
UPBA,Main,Season 2,Minnesota Hyperfangs,Goodra,Breloom
UPBA,Main,Season 2,Minnesota Hyperfangs,Braviary,Rotom-Mow
UPBA,Main,Season 2,Minnesota Hyperfangs,Terrakion,Salamence
UPBA,Main,Season 2,Niagara Gengars,Hydreigon,Tornadus-Therian
UPBA,Main,Season 2,Niagara Gengars,Staraptor,Gengar
UPBA,Main,Season 2,Niagara Gengars,Vileplume,Throh
UPBA,Main,Season 2,Colorado Avaluggs,Xurkitree,Kartana
UPBA,Main,Season 2,Colorado Avaluggs,Nihilego,Azelf
UPBA,Main,Season 2,Colorado Avaluggs,Tyranitar,Nihilego
UPBA,Main,Season 2,Sydney Swannas,Avalugg,Regigigas
UPBA,Main,Season 2,Sydney Swannas,Incineroar,Florges
UPBA,Main,Season 2,Sydney Swannas,Tyrantrum,Mienshao
UPBA,Main,Season 2,Delaware Kyurem-Black Foxes,Gengar,Chandelure
UPBA,Main,Season 2,Delaware Kyurem-Black Foxes,Comfey,Gastrodon
UPBA,Main,Season 2,Delaware Kyurem-Black Foxes,Simisear,Persian-Alola
UPBA,Main,Season 1,St. John's Sharpedoes,Metagross,Tentacruel
UPBA,Main,Season 1,Chicago Bulus,Celebi,Breloom
UPBA,Main,Season 1,Colinet Carracostas,Tornadus-Therian,Dragonite
UPBA,Main,Season 1,Toronto Staraptors,Dragonite,Tapu Bulu
UPBA,Main,Season 1,St. John's Sharpedoes,Landorus,Weavile
UPBA,Main,Season 1,Bermuda Mewtwos,Keldeo,Necrozma
UPBA,Main,Season 1,Bermuda Mewtwos,Gardevoir,Empoleon
UPBA,Main,Season 1,Bermuda Mewtwos,Sandslash,Kecleon
UPBA,Main,Season 1,Western Virginia Weepinbells,Necrozma,Toxapex
UPBA,Main,Season 1,Western Virginia Weepinbells,Milotic,Gliscor
UPBA,Main,Season 1,Toronto Staraptors,Golurk,Floatzel
UPBA,Main,Season 1,Ottawa Nidokings,Slowbro,Azelf
UPBA,Main,Season 1,Colinet Carracostas,Ferrothorn,Chandelure
UPBA,Main,Season 1,Colinet Carracostas,Salazzle,Forretress
UPBA,Main,Season 1,Minnesota Hyperfangs,Staraptor,Nihilego
UPBA,Main,Season 1,Minnesota Hyperfangs,Registeel,Golbat
UPBA,Main,Season 1,Chicago Bulus,Wigglytuff,Drifblim
UPBA,Main,Season 1,Toronto Staraptors,Zygarde,Guzzlord
UPBA,Main,Season 1,St. John's Sharpedoes,Quagsire,Gastrodon
UPBA,Main,Season 1,Dublin Doublades,Suicune,Gyarados
UPBA,Main,Season 1,Dublin Doublades,Miltank,Charizard
UPBA,Main,Season 3,St. John's Sharpedoes,Archeops,Spiritomb
UPBA,Main,Season 3,St. John's Sharpedoes,Rotom-Mow,Venusaur
UPBA,Main,Season 3,Cape Town Krookodiles,Slurpuff,Aromatisse
UPBA,Main,Season 3,Cape Town Krookodiles,Cloyster,Meloetta
UPBA,Main,Season 3,Richmond Reuniclus,Jolteon,Heliolisk
UPBA,Main,Season 3,Manchester Marowaks,Haxorus,Latias
UPBA,Main,Season 3,Manchester Marowaks,Gardevoir,Sylveon
UPBA,Main,Season 3,Manchester Marowaks,Gliscor,Empoleon
UPBA,Main,Season 3,New England Primarinas,Latias,Kommo-o
UPBA,Main,Season 3,New England Primarinas,Lycanroc-Midnight,Cradily
UPBA,Main,Season 3,New England Primarinas,Throh,Vileplume
UPBA,Main,Season 3,Ottawa Nidokings,Buzzwole,Scizor
UPBA,Main,Season 3,Ottawa Nidokings,Slowking,Mantine
UPBA,Main,Season 3,Ottawa Nidokings,Ninjask,Tauros
UPBA,Main,Season 3,Puerto Rico Stuffuls,Zebstrika,Rotom-Fan
UPBA,Main,Season 3,Puerto Rico Stuffuls,Druddigon,Mesprit
UPBA,Main,Season 3,Delaware Kyurem-Black Foxes,Yanmega,Registeel
UPBA,Main,Season 3,Minnesota Hyperfangs,Landorus,Excadrill
UPBA,Main,Season 3,Minnesota Hyperfangs,Rotom-Heat,Gigalith
UPBA,Main,Season 3,Minnesota Hyperfangs,Probopass,Vigoroth
UPBA,Main,Season 3,Southern Shaymins,Mimikyu,Floette-Eternal
UPBA,Main,Season 3,Southern Shaymins,Bibarel,Rhydon
UPBA,Main,Season 3,Southern Shaymins,Dugtrio,Tangrowth
UPBA,Main,Season 3,Niagara Gengars,Swellow,Braviary
UPBA,Main,Season 3,Niagara Gengars,Vikavolt,Sigilyph
UPBA,Main,Season 3,Niagara Gengars,Emboar,Jolteon
UPBA,Main,Season 3,Mega Audino and Her Good Boys,Espeon,Luxray
UPBA,Main,Season 3,Gallifreyan Gallades,Celebi,Amoonguss
UPBA,Main,Season 3,Empoleon Emperors,Rhydon,Golem
UPBA,Main,Season 3,Empoleon Emperors,Tauros,Zangoose
UPBA,Main,Season 4,Avalon Articunos,Gyarados,Lucario
UPBA,Main,Season 4,Avalon Articunos,Ditto,Hitmonchan
UPBA,Main,Season 4,Avalon Articunos,Cofagrigus,Gyarados
UPBA,Main,Season 4,Cape Town Krookodiles,Salazzle,Torkoal
UPBA,Main,Season 4,Cape Town Krookodiles,Dhelmise,Roserade
UPBA,Main,Season 4,Cape Town Krookodiles,Quagsire,Accelgor
UPBA,Main,Season 4,Infamous Rayquazas,Charizard-Mega-Y,Sableye-Mega
UPBA,Main,Season 4,Infamous Rayquazas,Zeraora,Zapdos
UPBA,Main,Season 4,Memphis Metagross,Typhlosion,Poipole
UPBA,Main,Season 4,Memphis Metagross,Drapion,Incineroar
UPBA,Main,Season 4,Memphis Metagross,Entei,Typhlosion
UPBA,Main,Season 4,Galveston Gourgeist,Unfezant,Tyrantrum
UPBA,Main,Season 4,Colorado Mamoswine,Jellicent,Druddigon
UPBA,Main,Season 4,Colorado Mamoswine,Sandslash,Exeggutor-Alola
UPBA,Main,Season 4,Colorado Mamoswine,Hawlucha,Landorus
UPBA,Main,Season 4,Toronto Fire Chickens,Skarmory,Excadrill
UPBA,Main,Season 4,Toronto Fire Chickens,Tangrowth,Hippowdon
UPBA,Main,Season 4,Toronto Fire Chickens,Blissey,Gliscor
UPBA,Main,Season 4,Columbus Tornadus,Cresselia,Cofagrigus
UPBA,Main,Season 4,Evergarden Eevees,Primeape,Togedemaru
UPBA,Main,Season 4,Blank Team,Registeel,Seismitoad
UPBA,Main,Season 4,Little Rock Roggenrollers,Donphan,Flygon
UPBA,Main,Season 4,Little Rock Roggenrollers,Exeggutor,Throh
UPBA,Main,Season 4,Little Rock Roggenrollers,Heracross,Whimsicott
UPBA,Main,Season 4,Milan Mimes Memes,Skarmory,Scizor
UPBA,Main,Season 4,Milan Mimes Memes,Blissey,Floette-Eternal
UPBA,Main,Season 4,Milan Mimes Memes,Slurpuff,Qwilfish
UPBA,Main,Season 4,Seattle Shocks,Tapu Bulu,Manaphy
UPBA,Main,Season 4,Seattle Shocks,Suicune,Breloom
UPBA,Main,Season 4,Seattle Shocks,Hitmonchan,Guzzlord
UPBA,Main,Season 4,St. John Sharpedoes,Articuno,Avalugg
UPBA,Main,Season 4,Singapore Sableyes,Eelektross,Magneton
UPBA,Main,Season 4,Bye Week 4,Mimikyu,Sylveon
UPBA,Main,Season 4,Bye Week 4,Lycanroc-Dusk,Emboar
UPBA,Main,Season 4,Bye Week 4,Passimian,Weezing
UPBA,Main,Season 4,Atlanta Azelfs,Haxorus,Klinklang
UPBA,Main,Season 4,Hardhead Jangmo-o,Terrakion,Tapu Bulu
UPBA,Main,Season 4,Hardhead Jangmo-o,Rotom-Mow,Rhyperior
UPBA,Main,Season 4,Hardhead Jangmo-o,Golbat,Zoroark
UPBA,Main,Season 4,Kajaani Sceptiles,Garchomp-Mega,Manectric-Mega
UPBA,Main,Season 4,Kajaani Sceptiles,Accelgor,Diancie
All Star Premier League,T3 and Below,Season 2,SleepySheepy,Doublade,Escavalier
All Star Premier League,T3 and Below,Season 2,SleepySheepy,Yanmega,Drifblim
All Star Premier League,T3 and Below,Season 2,AmirAlexander,Tangela,Virizion
All Star Premier League,T3 and Below,Season 2,AmirAlexander,Hitmontop,Mismagius
All Star Premier League,Standard,Season 2,bkendrick,Slowbro,Toxapex
All Star Premier League,Standard,Season 2,bkendrick,Excadrill,Donphan
All Star Premier League,Standard,Season 2,bkendrick,Mareanie,Azelf
All Star Premier League,Ubers,Season 2,RandoGuy24,Ampharos-Mega,Froslass
All Star Premier League,Ubers,Season 2,RandoGuy24,Cofagrigus,Altaria-Mega
All Star Premier League,Ubers,Season 2,RandoGuy24,Ninetales-Alola,Jolteon
All Star Premier League,T3 and Below,Season 2,TNTCool,Barbaracle,Blaziken
All Star Premier League,T3 and Below,Season 2,TNTCool,Gallade,Omastar
All Star Premier League,T3 and Below,Season 2,TNTCool,Kecleon,Sawsbuck
All Star Premier League,T3 and Below,Season 2,SleepySheepy,Sigilyph,Yanmega
All Star Premier League,Standard,Season 2,DuffleBag,Barbaracle,Crustle
All Star Premier League,Ubers,Season 2,Accidental,Lycanroc,Magikarp
All Star Premier League,T3 and Below,Season 2,Nakora,Quagsire,Medicham
All Star Premier League,T3 and Below,Season 2,AmirAlexander,Blaziken,Talonflame
All Star Premier League,T3 and Below,Season 2,AmirAlexander,Honchkrow,Hitmontop
All Star Premier League,Standard,Season 2,BChezza,Omastar,Golbat
All Star Premier League,Ubers,Season 2,Accidental,Stoutland,Primeape
Heatmor Feeding Grounds,Main,Season 1,44ths Fire Blasts,Ribombee,Roserade
Heatmor Feeding Grounds,Main,Season 1,Klinkin Park,Vaporeon,Jellicent
Heatmor Feeding Grounds,Main,Season 1,Klinkin Park,Rotom,Rotom-Mow
Heatmor Feeding Grounds,Main,Season 1,Klinkin Park,Victini,Espeon
Heatmor Feeding Grounds,Main,Season 1,Klinkin Park,Shaymin,Arcanine
Heatmor Feeding Grounds,Main,Season 1,Big Beautiful Bewear,Blaziken,Shuckle
Heatmor Feeding Grounds,Main,Season 1,44ths Fire Blasts,Claydol,Rhyperior
Heatmor Feeding Grounds,Main,Season 1,44ths Fire Blasts,Roserade,Crawdaunt
JFPML,Main,Season 3,Halifax Huntails,Seismitoad,Typhlosion
JFPML,Main,Season 3,South Beach Slurpuffs,Hitmonlee,Hitmontop
JFPML,Main,Season 3,Hi,Pelipper,Rotom-Wash
JFPML,Main,Season 3,Hi,Ludicolo,Pangoro
JFPML,Main,Season 3,Hi,Gorebyss,Ursaring
JFPML,Main,Season 3,Hi,Omastar,Talonflame
JFPML,Main,Season 3,Halifax Huntails,Darmanitan,Alomomola
JFPML,Main,Season 3,Germany Girafarigs,Rotom-Mow,Sceptile
JFPML,Main,Season 3,Pallet Town Politoeds,Beedrill-Mega,Ampharos-Mega
JFPML,Main,Season 3,Pallet Town Politoeds,Goodra,Scizor
JFPML,Main,Season 3,Pallet Town Politoeds,Togedemaru,Roselia
JFPML,Main,Season 3,Pallet Town Politoeds,Mudsdale,Rhydon
ALPH,Main,Season 9,Toronto Fire Chickens,Dracozolt,Walrein
ALPH,Main,Season 9,Atlanta Haunters,Araquanid,Centiskorch
ALPH,Main,Season 9,Harrisburg Hitmonlees,Gardevoir,Tentacruel
ALPH,Main,Season 9,Florida Flapple,Cinccino,Archeops
ALPH,Main,Season 9,Colorado Mamoswine,Doublade,Accelgor
ALPH,Main,Season 9,Glasgow Comatose,Landorus,Infernape
ALPH,Main,Season 9,Atlanta Haunters,Sableye-Mega,Blastoise-Mega
ALPH,Main,Season 9,Atlanta Haunters,Volcarona,Garchomp
ALPH,Main,Season 9,Atlanta Haunters,Haxorus,Weavile
ALPH,Main,Season 9,Glasgow Comatose,Camerupt-Mega,Whimsicott
ALPH,Main,Season 9,Colorado Mamoswine,Zygarde-10%,Duraludon
ALPH,Main,Season 9,Toronto Fire Chickens,Persian-Alola,Salamence
ALPH,Main,Season 9,Toronto Fire Chickens,Suicune,Bisharp
ALPH,Main,Season 9,Colorado Mamoswine,Raichu,Vikavolt
ALPH,Main,Season 9,Puerto Rico Stuffuls,Charizard,Thievul
ALPH,Main,Season 9,Colorado Mamoswine,Scyther,Torterra
ALPH,Main,Season 9,Toronto Fire Chickens,Virizion,Golem-Alola
ALPH,Main,Season 9,Florida Flapple,Hatterene,Starmie
ALPH,Main,Season 9,Florida Flapple,Aerodactyl,Audino-Mega
ALPH,Main,Season 9,Baghdad Magic Lamp,Tangela,Decidueye
ALPH,Main,Season 9,Puerto Rico Stuffuls,Kangaskhan,Sawk
ALPH,Main,Season 9,Baghdad Magic Lamp,Passimian,Poliwrath
ALPH,Main,Season 9,Richmond Reuniclus,Electrode,Unown
ALPH,Main,Season 9,Baghdad Magic Lamp,Reuniclus,Vanilluxe
ALPH,Main,Season 9,Baghdad Magic Lamp,Drifblim,Mr.Rime
ALPH,Main,Season 9,Richmond Reuniclus,Golisopod,Jolteon
ALPH,Main,Season 9,Harrisburg Hitmonlees,Kecleon,Dunsparce
ALPH,Main,Season 9,Puerto Rico Stuffuls,Toxicroak,Alcremie
ALPH,Main,Season 9,Harrisburg Hitmonlees,Gengar,Hatterene
ALPH,Main,Season 9,Kajaani Sceptiles,Aerodactyl-Mega,Gallade-Mega
ALPH,Main,Season 9,Kajaani Sceptiles,Cofagrigus,Misdreavus
ALPH T3 and Below,Main,Season 3,Liberty Delibirds,Wishiwashi,Drakloak
ALPH T3 and Below,Main,Season 3,Empoleon Emperors,Exeggutor-Alola,Appletun
ALPH T3 and Below,Main,Season 3,Toronto Fire Chickens,Doublade,Araquanid
ALPH T3 and Below,Main,Season 3,Richmond Reuniclus,Sceptile,Exploud
ALPH T3 and Below,Main,Season 3,Singapore Sableyes,Weezing,Magneton
ALPH T3 and Below,Main,Season 3,Singapore Sableyes,Forretress,Doublade
ALPH T3 and Below,Main,Season 3,Toronto Fire Chickens,Tsareena,Dhelmise
ALPH T3 and Below,Main,Season 3,Liberty Delibirds,Clefairy,Wishiwashi
SKL,Main,Season 6,Vegas Night Marchers,Jellicent,Doublade
SKL,Main,Season 6,Pillars of Tahoma,Tauros,Arcanine
SKL,Main,Season 6,Rick Gastly's Troupe,Cofagrigus,Drapion
SKL,Main,Season 6,Colorado Mamoswine,Torracat,Delphox
SKL,Main,Season 6,Vegas Night Marchers,Ninjask,Komala
SKL,Main,Season 6,Whiscash Wanderers,Blastoise,Vileplume
SKL,Main,Season 6,Colorado Mamoswine,Blastoise,Ninjask
SKL,Main,Season 6,Vegas Night Marchers,Escavalier,Lycanroc
SKL,Main,Season 6,Arctic Mankeys,Trevenant,Lilligant
SKL,Main,Season 6,Whiscash Wanderers,Sandslash,Prinplup
SKL,Main,Season 6,Pillars of Tahoma,Quagsire,Seismitoad
SKL,Main,Season 6,Rick Gastly's Troupe,Slaking,Avalugg
SKL,Main,Season 6,Whiscash Wanderers,Sceptile,Spiritomb
SKL,Main,Season 6,Rick Gastly's Troupe,Bellossom,Haunter
SKL,Main,Season 6,Colorado Mamoswine,Bronzor,Dewgong
SKL,Main,Season 6,Atlanta Archeops,Porygon-Z,Whirlipede
SKL,Main,Season 6,Sundsvall Seels,Sandslash,Armaldo
SKL,Main,Season 5,Phoenix Blaze,Excadrill,Scolipede
SKL,Main,Season 5,Phoenix Blaze,Dragonite,Thundurus
SKL,Main,Season 5,Phoenix Blaze,Alakazam-Mega,Aerodactyl-Mega
SKL,Main,Season 5,Poipole Poke-Pimps,Mandibuzz,Milotic
SKL,Main,Season 5,Indianapolis Bolts,Porygon2,Snorlax
SKL,Main,Season 5,Colorado Mamoswine,Gourgeist,Cofagrigus
SKL,Main,Season 5,Dallas Starlies,Golem,Carbink
SKL,Main,Season 5,The Duffled Bags,Diggersby,Dugtrio
SKL,Main,Season 5,Emperor Palpitoad's Regime,Marowak-Alola,Hoopa
SKL,Main,Season 5,Phoenix Blaze,Hippopotas,Crawdaunt
SKL,Main,Season 5,Islamic State Oddish,Jolteon,Mienshao
SKL,Main,Season 5,Northeastern Duskies,Vanilluxe,Lanturn
SKL,Main,Season 5,Phoenix Blaze,Cloyster,Kyurem
SKL,Main,Season 5,Chicago Beartics,Mismagius,Sableye
SKL,Main,Season 5,The Duffled Bags,Feraligatr,Kingdra
SKL,Main,Season 5,The Duffled Bags,Vikavolt,Vaporeon
SKL,Main,Season 5,Chicago Beartics,Hitmontop,Mudsdale
SKL,Main,Season 5,Dallas Starlies,Lurantis,Abomasnow
SKL,Main,Season 5,Aurorus Borealis,Hitmonchan,Cresselia
SKL,Main,Season 5,The Duffled Bags,Raichu-Alola,Gligar
SKL,Main,Season 5,Chicago Beartics,Palossand,Hitmonchan
SKL,Main,Season 5,Aurorus Borealis,Volcanion,Buzzwole
SKL,Main,Season 5,Phoenix Blaze,Zoroark,Golurk
SKL,Main,Season 5,Colorado Mamoswine,Smeargle,Slaking
SKL,Main,Season 5,Northeastern Duskies,Gligar,Raichu-Alola
SKL,Main,Season 5,Poipole Poke-Pimps,Drifblim,Cloyster
SKL,Main,Season 5,Pillars of Tahoma,Toxapex,Porygon2
SKL,Main,Season 5,Islamic State Oddish,Gurdurr,Tangela
SKL,Main,Season 5,The Duffled Bags,Seismitoad,Golem-Alola
SKL,Main,Season 4,Colorado Avaluggs,Vaporeon,Ninetales-Alola
SKL,Main,Season 4,Colorado Avaluggs,Raichu,Guzzlord
SKL,Main,Season 4,Colorado Avaluggs,Latias,Zapdos
SKL,Main,Season 4,Dallas Starlies,Volcanion,Tyranitar
SKL,Main,Season 4,Dallas Starlies,Pelipper,Gyarados
SKL,Main,Season 4,Dallas Starlies,Aerodactyl-Mega,Charizard-Mega-X
SKL,Main,Season 4,DC Darmanitans,Buzzwole,Starmie
SKL,Main,Season 4,Libretto Lugias,Zapdos,Zeraora
SKL,Main,Season 4,Libretto Lugias,Staraptor,Snorlax
SKL,Main,Season 4,Montreal Togedemaru,Machamp,Komala
SKL,Main,Season 4,Northeastern Duskies,Tyranitar,Hoopa-Unbound
SKL,Main,Season 4,The Arctic Mankeys,Hoopa-Unbound,Infernape
SKL,Main,Season 4,The Arctic Mankeys,Gourgeist,Cacturne
SKL,Main,Season 4,The Duffled Bags,Charizard-Mega-Y,Slowbro-Mega
SKL,Main,Season 3,Chicago Beartics,Garbodor,Dusclops
SKL,Main,Season 3,Chicago Beartics,Gastrodon,Emboar
SKL,Main,Season 3,Chicago Beartics,Entei,Gliscor
SKL,Main,Season 3,Dallas Starlies,Amoonguss,Mandibuzz
SKL,Main,Season 3,Gallifreyan Gallades,Persian-Alola,Beartic
SKL,Main,Season 3,La Tuque's Xatus,Kecleon,Eevee
SKL,Main,Season 3,London Vespiquens,Weavile,Hawlucha
SKL,Main,Season 3,London Vespiquens,Gourgeist,Leavanny
SKL,Main,Season 3,London Vespiquens,Quagsire,Magnezone
SKL,Main,Season 3,London Vespiquens,Electivire,Qwilfish
SKL,Main,Season 3,Manchester Skitty,Armaldo,Castform
SKL,Main,Season 3,Manchester Skitty,Slurpuff,Froslass
SKL,Main,Season 3,Manchester Skitty,Diggersby,Kingdra
SKL,Main,Season 3,Manchester Skitty,Gardevoir-Mega,Swampert-Mega
SKL,Main,Season 3,Manchester Skitty,Darmanitan,Mesprit
SKL,Main,Season 3,Manchester Skitty,Alomomola,Pelipper
SKL,Main,Season 3,North Pole Piplups,Machamp,Bewear
SKL,Main,Season 3,The Pakd Machamps,Silvally,Entei
SKL,Main,Season 3,The Pakd Machamps,Gligar,Shuckle
SKL,Main,Season 3,The Pakd Machamps,Heatran,Weavile
SKL,Main,Season 2,Chicago Beartics,Exploud,Spiritomb
SKL,Main,Season 2,Chicago Beartics,Infernape,Volcanion
SKL,Main,Season 2,Cleavland Escaviliers,Swampert,Politoed
SKL,Main,Season 2,Cleavland Escaviliers,Diggersby,Toxapex
SKL,Main,Season 2,Singapore Silvallies,Lanturn,Ditto
SKL,Main,Season 1,Aston Vanilluxe,Scyther,Haunter
SKL,Main,Season 1,Aston Vanilluxe,Staraptor,Hawlucha
SKL,Main,Season 1,Aston Vanilluxe,Cobalion,Uxie
SKL,Main,Season 1,Cleveland Escavaliers,Slaking,Raichu-Alola
SKL,Main,Season 1,Cleveland Escavaliers,Nihilego,Latios
SKL,Main,Season 1,Dallas Starlies,Ditto,Blaziken
SKL,Main,Season 1,Dallas Starlies,Chesnaught,Ninetales
SKL,Main,Season 1,Dallas Starlies,Florges,Staraptor
SKL,Main,Season 1,Dynamic Diancies,Blissey,Conkeldurr
SKL,Main,Season 1,Montreal Mamoswines,Swellow,Drampa
SKL,Main,Season 1,Montreal Mamoswines,Gengar,Milotic
SKL,Main,Season 1,Perth Persians,Hawlucha,Diggersby
SKL,Main,Season 1,Perth Persians,Golurk,Machamp
SKL,Main,Season 1,San Francisco Staraptors,Cofagrigus,Jellicent
SKL,Main,Season 1,San Francisco Staraptors,Seismitoad,Mudsdale
SKL,Main,Season 1,San Francisco Staraptors,Kecleon,Stunfisk
SKL,Main,Season 1,Singapore Sableyes,Scolipede,Alakazam
SKL,Main,Season 1,Singapore Sableyes,Golem-Alola,Steelix
SKL,Main,Season 1,The Arctic Mankeys,Hitmonchan,Cradily
SKL,Main,Season 1,The Arctic Mankeys,Lapras,Turtonator
COVID Lockdown Fast Draft,Main,Season 1,Puerto Rico Stuffuls,Turtonator,Rotom-Frost
Cascade Draft League,Masters,Season 7,Diamond Ridge Darmanitans,Bronzong,Kyurem
Cascade Draft League,Masters,Season 7,Diamond Ridge Darmanitans,Noivern,Vullaby
Cascade Draft League,Masters,Season 7,Diamond Ridge Darmanitans,Avalugg,Steelix
Cascade Draft League,Masters,Season 7,San Antonio Espurrs,Garchomp,Dracovish
Cascade Draft League,Masters,Season 7,Primarina Sonata,Piloswine,Quagsire
Cascade Draft League,Masters,Season 7,44th's Fire Blasts,Garchomp-Mega,Aerodactyl-Mega
Cascade Draft League,Masters,Season 7,44th's Fire Blasts,Gigalith,Frosmoth
Cascade Draft League,Masters,Season 7,44th's Fire Blasts,Crabominable,Shuckle
Cascade Draft League,Masters,Season 7,The Arctic Mankeys,Ditto,Mantine
Cascade Draft League,Masters,Season 7,Primarina Sonata,Steelix,Dottler
Cascade Draft League,Masters,Season 7,San Francisco Brandons,Florges,Staraptor
Cascade Draft League,Masters,Season 7,San Francisco Brandons,Moltres,Ribombee
Cascade Draft League,Masters,Season 7,San Francisco Brandons,Lycanroc,Comfey
Cascade Draft League,Masters,Season 7,San Francisco Brandons,Golisopod,Electivire
Cascade Draft League,Masters,Season 7,Primarina Sonata,Minior,Quagsire
Cascade Draft League,Masters,Season 7,44th's Fire Blasts,Wigglytuff,Swoobat
Cascade Draft League,Masters,Season 7,Vegas Night Marchers,Nidoqueen,Meloetta
Cascade Draft League,Masters,Season 7,Vegas Night Marchers,Mr.Mime,Garbodor
Cascade Draft League,Masters,Season 7,Pillars of Tahoma,Ribombee,Crobat
Cascade Draft League,Masters,Season 7,Colorado Mamoswine,Latias,Salamence
Cascade Draft League,Masters,Season 7,Colorado Mamoswine,Magnezone,Metagross
Cascade Draft League,Masters,Season 7,Colorado Mamoswine,Araquanid,Galvantula
Cascade Draft League,Masters,Season 7,Colorado Mamoswine,Audino,Manaphy
Cascade Draft League,Masters,Season 7,Pillars of Tahoma,Miltank,Aromatisse
Cascade Draft League,Masters,Season 7,Pillars of Tahoma,Dugtrio-Alola,Tauros
Cascade Draft League,Masters,Season 7,Vegas Night Marchers,Politoed,Gastrodon
Cascade Draft League,Masters,Season 7,Vegas Night Marchers,Oricorio,Mr.Mime
Cascade Draft League,Masters,Season 7,Primarina Sonata,Vileplume,Virizion
Cascade Draft League,Masters,Season 7,Whiscash Wanderers,Drapion,Golurk
Cascade Draft League,Challengers,Season 7,Big Beautiful Bewear,Cryogonal,Persian-Alola
Cascade Draft League,Challengers,Season 7,Weyard Wailord,Leavanny,Wailord
Cascade Draft League,Challengers,Season 7,Weyard Wailord,Kyurem,Dracozolt
Cascade Draft League,Challengers,Season 7,Big Bad Fish,Comfey,Pangoro
Cascade Draft League,Challengers,Season 7,Chicago Chatots,Cradily,Musharna
Cascade Draft League,Challengers,Season 7,Chicago Chatots,Audino,Cradily
Cascade Draft League,Challengers,Season 7,Weyard Wailord,Skuntank,Dragalge
TSDLC,Ubers,Season 1,PiplupMann,Magmortar,Chandelure
TSDLC,Ubers,Season 1,PiplupMann,Dragapult,Ditto
TSDLC,National Dex,Season 1,Xunk,Medicham-Mega,Charizard-Mega-X
TSDLC,National Dex,Season 1,Xunk,Garchomp,Tapu Bulu
TSDLC,National Dex,Season 1,Xunk,Marowak-Alola,Hippowdon
TSDLC,National Dex,Season 1,Xunk,Magneton,Morpeko
TSDLC,National Dex,Season 1,Asnaf745,Regirock,Frosmoth
TSDLC,National Dex,Season 1,Asnaf745,Cryogonal,Pyukumuku
TSDLC,National Dex,Season 1,ArdaErdin912,Jellicent,Tentacruel
TSDLC,National Dex,Season 1,ArdaErdin912,Ninetales-Alola,Hatterene
TSDLC,National Dex,Season 1,ArdaErdin912,Gligar,Piloswine
TSDLC,National Dex,Season 1,ArdaErdin912,Obstagoon,Spiritomb
TSDLC,Galar ,Season 1,Bartiko123,Copperajah-Gmax,Gengar-Gmax
TSDLC,Galar ,Season 1,Bartiko123,Piloswine,Steelix
TSDLC,Galar ,Season 1,Bartiko123,Weezing,Vanilluxe
TSDLC,Galar ,Season 1,Bartiko123,Goodra,Flygon
All Star Premier League,SS National Dex,Season 3,Chicago Chatots,Dragalge,Kyurem
All Star Premier League,SS National Dex,Season 3,Chicago Chatots,Chandelure,Entei
All Star Premier League,SS National Dex,Season 3,Chicago Chatots,Stoutland,Dusclops
All Star Premier League,SS National Dex,Season 3,44th's Fire Blasts,Smeargle,Garbodor
All Star Premier League,SS National Dex,Season 3,44th's Fire Blasts,Toxapex,Mamoswine
All Star Premier League,SS National Dex,Season 3,44th's Fire Blasts,Ditto,Shaymin
All Star Premier League,SS Galar Dex,Season 3,Colorado Mamoswine,Bewear,Hitmontop
All Star Premier League,SS National Dex,Season 3,44th's Fire Blasts,Polteageist,Scyther
All Star Premier League,SS National Dex,Season 3,Puerto Rico Stuffuls,Tentacruel,Milotic
All Star Premier League,SS National Dex,Season 3,Puerto Rico Stuffuls,Barbaracle,Porygon-Z
All Star Premier League,SS National Dex,Season 3,Puerto Rico Stuffuls,Muk-Alola,Zoroark
All Star Premier League,SS National Dex,Season 3,Frederick Klefkis,Whimsicott,Hitmontop
All Star Premier League,SS T3 & Below,Season 3,Bordeaux Bewear,Weezing,Venomoth
All Star Premier League,SS Galar Dex,Season 3,Detroit Fletchlings,Durant,Bronzong
All Star Premier League,SS Galar Dex,Season 3,Detroit Fletchlings,Carkol,Beartic
All Star Premier League,SS National Dex,Season 3,Ravenclaw Talonflames,Nihilego,Serperior
All Star Premier League,SS National Dex,Season 3,Ravenclaw Talonflames,Terrakion,Melmetal
All Star Premier League,SS National Dex,Season 3,Ravenclaw Talonflames,Steelix,Abomasnow
All Star Premier League,SS National Dex,Season 3,Ravenclaw Talonflames,Celebi,Krookodile
All Star Premier League,SS Ubers,Season 3,CRIME JR BABY GANG,Mewtwo,Lugia
All Star Premier League,SS Ubers,Season 3,CRIME JR BABY GANG,Tapu Lele,Greninja
All Star Premier League,SS Ubers,Season 3,CRIME JR BABY GANG,Kommo-o,Dragapult
All Star Premier League,SS Ubers,Season 3,CRIME JR BABY GANG,Mandibuzz,Diancie
All Star Premier League,SS Ubers,Season 3,Toronto Fire Chickens,Pheromosa,Greninja-Ash
All Star Premier League,SS Ubers,Season 3,Toronto Fire Chickens,Raichu,Electrode
All Star Premier League,SS Ubers,Season 3,Toronto Fire Chickens,Tentacruel,Hatterene
All Star Premier League,SS Ubers,Season 3,Toronto Fire Chickens,Diancie,Hitmontop
All Star Premier League,SS T3 & Below,Season 3,Liberty Delibirds,Eldegoss,Arctozolt
All Star Premier League,SS T3 & Below,Season 3,Liberty Delibirds,Gallade,Delibird
All Star Premier League,SS Galar Dex,Season 3,St. John's Sharpedos,Rillaboom,Kommo-o
All Star Premier League,SS T3 & Below,Season 3,Columbus Mew,Araquanid,Sneasel
All Star Premier League,SS T3 & Below,Season 3,Primarina Sonata,Arctozolt,Sharpedo
All Star Premier League,SS T3 & Below,Season 3,Vegas Night Marchers,Lapras,Ambipom
All Star Premier League,SS T3 & Below,Season 3,Miami Heatrans,Passimian,Dhelmise
All Star Premier League,SS Galar Dex,Season 3,Harrisburg Hitmonlees,Fraxure,Lapras
All Star Premier League,SS Galar Dex,Season 3,Colorado Mamoswine,Whimsicott,Dracozolt
All Star Premier League,SS Galar Dex,Season 3,Colorado Mamoswine,Morpeko,Shiftry
All Star Premier League,SS T3 & Below,Season 3,Liberty Delibirds,Kabutops,Lycanroc-Dusk
All Star Premier League,SS T3 & Below,Season 3,London Lucarios,Lycanroc-Dusk,Mr.Mime-Galar
All Star Premier League,SS T3 & Below,Season 3,London Lucarios,Sceptile,Cinccino
All Star Premier League,SS T3 & Below,Season 3,London Lucarios,Togedemaru,Eelektross
All Star Premier League,SS T3 & Below,Season 3,London Lucarios,Hypno,Rillaboom
All Star Premier League,SS T3 & Below,Season 3,Colombia Clangers,Mr.Mime-Galar,Mr.Rime
All Star Premier League,SS T3 & Below,Season 3,Liberty Delibirds,Appletun,Trevenant
All Star Premier League,SS T3 & Below,Season 3,Miami Heatrans,Ninetales,Bouffalant
All Star Premier League,SS National Dex,Season 3,Dark Cave Darkrais,Lickilicky,Vanilluxe
ALPH,National Dex Two,Season 10,The Duffled Bags,Cradily,Haunter
ALPH,National Dex One,Season 10,Virginia Vaporeons,Azelf,Delphox
ALPH,National Dex One,Season 10,Puerto Rico Stuffuls,Roserade,Blastoise
ALPH,National Dex Two,Season 10,Empoleon Emperors,Tornadus,Zygarde-10%
ALPH,National Dex One,Season 10,Pittsburgh Primarinas,Diancie,Aurorus
ALPH,National Dex Two,Season 10,Empoleon Emperors,Armaldo,Oricorio
ALPH,National Dex One,Season 10,Pittsburgh Primarinas,Decidueye,Dusknoir
ALPH,National Dex Two,Season 10,The Duffled Bags,Haunter,Dodrio
ALPH,National Dex One,Season 10,44th's Fire Blasts,Shedinja,Stantler
ALPH,National Dex Two,Season 10,Atlanta Haunters,Mienshao,Heracross
ALPH,National Dex One,Season 10,Liberty Delibirds,Gardevoir,Grimmsnarl
ALPH,National Dex One,Season 10,Liberty Delibirds,Cinccino,Omastar
ALPH,National Dex One,Season 10,Falinks Engineering,Drampa,Appletun
ALPH,National Dex Two,Season 10,Colorado Mamoswine,Cofagrigus,Orbeetle
ALPH,National Dex One,Season 10,Detroit Fletchlings,Lickilicky,Vikavolt
ALPH,National Dex One,Season 10,Falinks Engineering,Slowking,Meloetta
ALPH,National Dex One,Season 10,Detroit Fletchlings,Magnezone,Scolipede
ALPH,National Dex Two,Season 10,Empoleon Emperors,Comfey,Alcremie
ALPH,National Dex One,Season 10,Virginia Vaporeons,Ludicolo,Weezing
ALPH,National Dex One,Season 10,Puerto Rico Stuffuls,Dodrio,Orbeetle
ALPH,National Dex One,Season 10,Falinks Engineering,Tangela,Drifblim
ALPH,National Dex One,Season 10,Detroit Fletchlings,Ninetales-Alola,Mimikyu
ALPH,National Dex One,Season 10,Liberty Delibirds,Venusaur,Arctovish
ALPH,National Dex Two,Season 10,Toronto Fire Chickens,Swoobat,Wynaut
ALPH,National Dex One,Season 10,Puerto Rico Stuffuls,Gastrodon,Venusaur
ALPH,National Dex One,Season 10,Pittsburgh Primarinas,Mudsdale,Donphan
ALPH,National Dex One,Season 10,Pittsburgh Primarinas,Articuno,Togetic
ALPH,National Dex One,Season 10,Liberty Delibirds,Flygon,Metagross
ALPH,National Dex Two,Season 10,The Duffled Bags,Staraptor,Salazzle
UPBA,Main,Season 7,Colorado Mamoswine,Arcanine,Ninetales-Alola
UPBA,Main,Season 7,Transylvania Black Dracula's,Wigglytuff,Audino
UPBA,Main,Season 7,Colorado Mamoswine,Kecleon,Masquerain
UPBA,Main,Season 7,EverGarden Eevee,Jirachi,Salamence
UPBA,Main,Season 7,EverGarden Eevee,Hatterene,Metagross
UPBA,Main,Season 7,London Umbreons,Lanturn,Steelix
UPBA,Main,Season 7,CRIME JR BABY GANG,Thievul,Liepard
UPBA,Main,Season 7,Columbus Tornadus,Zapdos,Skarmory
UPBA,Main,Season 7,Utah Weez,Tangela,Flapple
UPBA,Main,Season 7,Utah Weez,Magnezone,Copperajah
UPBA,Main,Season 7,Colorado Mamoswine,Weezing-Galar,Delphox
UPBA,Main,Season 7,Colorado Mamoswine,Chimecho,Seel
UPBA,Main,Season 7,Cape Town Krookodiles,Cursola,Corsola-Galar
UPBA,Main,Season 7,Utah Weez,Articuno,Arctozolt
UPBA,Main,Season 7,Kajaani Sceptiles,Aerodactyl,Ambipom
UPBA,Main,Season 7,Kajaani Sceptiles,Type:Null,Golem
UPBA,Main,Season 7,Winterfell Zacian,Barbaracle,Drednaw
UPBA,Main,Season 7,Columbus Tornadus,Steelix,Raichu
UPBA,Main,Season 7,EverGarden Eevee,Flygon,Floette-Eternal
UPBA,Main,Season 7,Autism,Primarina,Barraskewda
UPBA,Main,Season 7,London Umbreons,Excadrill,Tapu Koko
UPBA,Main,Season 7,Autism,Palossand,Decidueye
UPBA,Main,Season 7,Autism,Ferrothorn,Mamoswine
UPBA,Main,Season 7,Colorado Mamoswine,Tapu Koko,Zapdos
UPBA,Main,Season 7,CRIME JR BABY GANG,Reuniclus,Sigilyph
UPBA,Main,Season 7,Cape Town Krookodiles,Audino,Eiscue
SKL,Main,Season 8,Noctowl City,Gurdurr,Virizion
SKL,Main,Season 8,Chernobyl Carkol,Mr.Mime-Galar,Sigilyph
SKL,Main,Season 8,Chernobyl Carkol,Thwackey,Altaria
SKL,Main,Season 8,Pepper Snakes,Comfey,Pelipper
SKL,Main,Season 8,Newcastle upon Tynamo,Drapion,Persian-Alola
SKL,Main,Season 8,United Kingdra,Type:Null,Volbeat
SKL,Main,Season 8,United Kingdra,Arbok,Drapion
SKL,Main,Season 8,Yin Yang Zangooses,Sliggoo,Gabite
SKL,Main,Season 8,Chernobyl Carkol,Vullaby,Guzzlord
SKL,Main,Season 8,Chernobyl Carkol,Drifblim,Comfey
SKL,Main,Season 8,The Konikoni Kizuki,Meowstic,Regigigas
SKL,Main,Season 8,United Kingdra,Togetic,Probopass
JFPML,Main,Season 5,FC Barcealola,Lycanroc,Hitmontop
JFPML,Main,Season 5,Volt-Turn-Turn?,Kingdra,Vaporeon
JFPML,Main,Season 5,Volt-Turn-Turn?,Pelipper,Landorus
JFPML,Main,Season 5,Baltimore Oricorios,Passimian,Blaziken
JFPML,Main,Season 5,Miami Heatrans,Obstagoon,Jirachi
JFPML,Main,Season 5,Atlanta Haunters,Zygarde,Victini
JFPML,Main,Season 5,Baltimore Oricorios,Pyroar,Morpeko
JFPML,Main,Season 5,Volt-Turn-Turn?,Hatterene,Clefable
JFPML,Main,Season 5,Volt-Turn-Turn?,Barraskewda,Espeon
JFPML,Main,Season 5,Atlanta Haunters,Volcanion,Mamoswine
JFPML,Main,Season 5,Miami Heatrans,Porygon2,Amoonguss
JFPML,Main,Season 5,New York Cosmogs,Zapdos,Landorus-Therian
JFPML,Main,Season 5,New York Cosmogs,Vaporeon,Araquanid
JFPML,Main,Season 5,New York Cosmogs,Hariyama,Rotom-Mow
JFPML,Main,Season 5,New York Cosmogs,Obstagoon,Lickilicky
JFPML,Main,Season 5,Miami Heatrans,Slurpuff,Honchkrow
JFPML,Main,Season 5,Carolina Crobats,Electivire,Eelektross
JFPML,Main,Season 5,Carolina Crobats,Celebi,Serperior
JFPML,Main,Season 5,Carolina Crobats,Stakataka,Mesprit
Cascade Draft League,Luster - Masters 2,Season 8,Newcastle upon Tynamo,Eelektross,Jolteon
Cascade Draft League,Luster - Masters 2,Season 8,Tupelo Toxicroaks,Mandibuzz,Umbreon
Cascade Draft League,Carbon - Challengers 1,Season 8,Hawaii Hatterenes,Typhlosion,Coalossal
Cascade Draft League,Carbon - Challengers 1,Season 8,Singapore Fletchinders,Electivire,Armaldo
Cascade Draft League,Carbon - Challengers 1,Season 8,Yin Yang Zangooses,Spiritomb,Weavile
Cascade Draft League,Carbon - Challengers 1,Season 8,Singapore Fletchinders,Accelgor,Froslass
Cascade Draft League,Carbon - Challengers 1,Season 8,Placeholder,Breloom,Cloyster
Cascade Draft League,Radiance - Masters 1,Season 8,Tampa Bay Mukkaneers,Bewear,Scrafty
Cascade Draft League,Copper - Challengers 2,Season 8,Raboot's Oppressive Yeet,Mimikyu,Lickilicky
Cascade Draft League,Copper - Challengers 2,Season 8,Big Bad Fish,Rhyperior,Sceptile
Cascade Draft League,Carbon - Challengers 1,Season 8,Yin Yang Zangooses,Sigilyph,Spiritomb
Cascade Draft League,Copper - Challengers 2,Season 8,Huntsville Haxorus,Charizard,Carkol
Cascade Draft League,Radiance - Masters 1,Season 8,Atlanta Shocks,Spiritomb,Zoroark
Cascade Draft League,Carbon - Challengers 1,Season 8,North London Landos,Empoleon,Alomomola
Cascade Draft League,Carbon - Challengers 1,Season 8,Detroit Fletchlings,Volcarona,Mimikyu
Cascade Draft League,Carbon - Challengers 1,Season 8,California Cacturnes,Xatu,Comfey
Cascade Draft League,Copper - Challengers 2,Season 8,Utah Weez,Ribombee,Ninetales-Alola
Cascade Draft League,Copper - Challengers 2,Season 8,DC Darmanitans,Eelektross,Vikavolt
Cascade Draft League,Carbon - Challengers 1,Season 8,Detroit Fletchlings,Claydol,Avalugg
Cascade Draft League,Luster - Masters 2,Season 8,Tupelo Toxicroaks,Gourgeist,Decidueye
Cascade Draft League,Carbon - Challengers 1,Season 8,Shanghai Dragonairs,Blaziken,Emboar
Cascade Draft League,Luster - Masters 2,Season 8,Tupelo Toxicroaks,Alakazam,Toxtricity
Cascade Draft League,Radiance - Masters 1,Season 8,Pillars of Tahoma,Grimmsnarl,Azelf
Cascade Draft League,Radiance - Masters 1,Season 8,Pillars of Tahoma,Meloetta,Galvantula
Cascade Draft League,Carbon - Challengers 1,Season 8,Hawaii Hatterenes,Shaymin,Dracozolt
Cascade Draft League,Carbon - Challengers 1,Season 8,Philadelphia Feebas,Kangaskhan-Mega,Slowbro-Mega
Cascade Draft League,Carbon - Challengers 1,Season 8,Placeholder,Dubwool,Mr.Rime
Cascade Draft League,Carbon - Challengers 1,Season 8,Chicago Chatots,Spiritomb,Hitmonchan
Cascade Draft League,Carbon - Challengers 1,Season 8,Philadelphia Feebas,Hippowdon,Sandslash-Alola
Cascade Draft League,Radiance - Masters 1,Season 8,Vegas Night Marchers,Garchomp,Tapu Fini
Cascade Draft League,Radiance - Masters 1,Season 8,Vegas Night Marchers,Slowbro,Celebi
Cascade Draft League,Carbon - Challengers 1,Season 8,Philadelphia Feebas,Dusknoir,Archeops
Cascade Draft League,Carbon - Challengers 1,Season 8,Singapore Fletchinders,Lanturn,Electivire
Cascade Draft League,Carbon - Challengers 1,Season 8,Placeholder,Swoobat,Marowak
Cascade Draft League,Radiance - Masters 1,Season 8,Spheal With It,Guzzlord,Rotom-Frost
Cascade Draft League,Luster - Masters 2,Season 8,Colorado Mamoswine,Cradily,Archeops
Cascade Draft League,Radiance - Masters 1,Season 8,Whiscash Wanderers,Talonflame,Aerodactyl
Cascade Draft League,Luster - Masters 2,Season 8,44th's Fire Blasts,Jolteon,Sneasel
Cascade Draft League,Luster - Masters 2,Season 8,San Antonio Espurrs,Frosmoth,Forretress
Cascade Draft League,Carbon - Challengers 1,Season 8,Philadelphia Feebas,Tyrantrum,Ludicolo
Cascade Draft League,Carbon - Challengers 1,Season 8,Hawaii Hatterenes,Celesteela,Gliscor
Cascade Draft League,Copper - Challengers 2,Season 8,Big Bad Fish,Vikavolt,Salazzle
Cascade Draft League,Luster - Masters 2,Season 8,United Kingdra,Gastrodon,Donphan
Cascade Draft League,Luster - Masters 2,Season 8,United Kingdra,Dugtrio,Araquanid
Cascade Draft League,Carbon - Challengers 1,Season 8,Yin Yang Zangooses,Latios,Druddigon
Cascade Draft League,Carbon - Challengers 1,Season 8,Chicago Chatots,Hitmonlee,Incineroar
Cascade Draft League,Copper - Challengers 2,Season 8,Raboot's Oppressive Yeet,Araquanid,Crabominable
Cascade Draft League,Radiance - Masters 1,Season 8,Vegas Night Marchers,Togekiss,Volcarona
Cascade Draft League,Radiance - Masters 1,Season 8,Tampa Bay Mukkaneers,Metagross,Alakazam
Cascade Draft League,Radiance - Masters 1,Season 8,Whiscash Wanderers,Landorus,Diggersby
Cascade Draft League,Copper - Challengers 2,Season 8,Raboot's Oppressive Yeet,Flygon,Kommo-o
Cascade Draft League,Carbon - Challengers 1,Season 8,Detroit Fletchlings,Clefairy,Arcanine
Cascade Draft League,Carbon - Challengers 1,Season 8,Detroit Fletchlings,Staraptor,Landorus
Cascade Draft League,Carbon - Challengers 1,Season 8,Yin Yang Zangooses,Hydreigon,Latios
Cascade Draft League,Carbon - Challengers 1,Season 8,Placeholder,Nidoking,Breloom
Cascade Draft League,Carbon - Challengers 1,Season 8,Shanghai Dragonairs,Rhyperior,Dhelmise
Cascade Draft League,Radiance - Masters 1,Season 8,Kajaani Sceptiles,Infernape,Incineroar
Cascade Draft League,Copper - Challengers 2,Season 8,DC Darmanitans,Mawile,Claydol
Cascade Draft League,Copper - Challengers 2,Season 8,Huntsville Haxorus,Mismagius,Froslass
Cascade Draft League,Carbon - Challengers 1,Season 8,Overdrive Pignites,Slaking,Smeargle
Cascade Draft League,Carbon - Challengers 1,Season 8,California Cacturnes,Weezing-Galar,Nidoking
Cascade Draft League,Copper - Challengers 2,Season 8,Utah Weez,Azelf,Gyarados
Cascade Draft League,Luster - Masters 2,Season 8,San Antonio Espurrs,Bronzong,Whimsicott
Cascade Draft League,Carbon - Challengers 1,Season 8,California Cacturnes,Chesnaught,Decidueye
Cascade Draft League,Carbon - Challengers 1,Season 8,Singapore Fletchinders,Cursola,Galvantula
Cascade Draft League,Carbon - Challengers 1,Season 8,California Cacturnes,Comfey,Hitmontop
Cascade Draft League,Copper - Challengers 2,Season 8,Big Bad Fish,Thwackey,Coalossal
Cascade Draft League,Carbon - Challengers 1,Season 8,Hawaii Hatterenes,Drampa,Eldegoss
Cascade Draft League,Luster - Masters 2,Season 8,United Kingdra,Aurorus,Avalugg
Cascade Draft League,Radiance - Masters 1,Season 8,Atlanta Shocks,Mamoswine,Ditto
Cascade Draft League,Luster - Masters 2,Season 8,San Antonio Espurrs,Eldegoss,Mr.Rime
Cascade Draft League,Carbon - Challengers 1,Season 8,Chicago Chatots,Donphan,Runerigus
Cascade Draft League,Luster - Masters 2,Season 8,United Kingdra,Durant,Bisharp
ALPH T3 and Below,Main,Season 4,Vegas Night Marchers,Pincurchin,Slowbro-Galar
ALPH T3 and Below,Main,Season 4,44th's Fire Blasts,Rotom-Fan,Pelipper
ALPH T3 and Below,Main,Season 4,Ravenclaw Talon Flames,Kabutops,Armaldo
ALPH T3 and Below,Main,Season 4,Ravenclaw Talon Flames,Xatu,Frosmoth
ALPH T3 and Below,Main,Season 4,Vegas Night Marchers,Raichu-Alola,Boltund
All Star Premier League,SS Tier 3 and Below,Season 4,Shanghai Dragonairs,Doublade,Ditto
All Star Premier League,SS Galar Dex,Season 4,Tupelo Toxicroaks,Eldegoss,Tauros
All Star Premier League,SS Doubles,Season 4,Spikemuth Goons,Naganadel,Amoonguss
All Star Premier League,SS National Dex,Season 4,Puerto Rico Stuffuls,Seismitoad,Sandaconda
All Star Premier League,SS Tier 3 and Below,Season 4,Liberty Delibirds,Medicham,Delibird
All Star Premier League,SS Tier 3 and Below,Season 4,Utah Weez,Dhelmise,Decidueye
All Star Premier League,SS Galar Dex,Season 4,Detroit Fletchlings,Drednaw-Gmax,Snorlax-Gmax
All Star Premier League,SS Galar Dex,Season 4,Detroit Fletchlings,Kingdra,Klefki
All Star Premier League,SS National Dex,Season 4,44th's Fire Blasts,Weezing,Alcremie
All Star Premier League,SS National Dex,Season 4,San Antonio Espurrs,Volcarona,Keldeo
All Star Premier League,SS National Dex,Season 4,Colorado Mamoswine,Nidoqueen,Roserade
All Star Premier League,SS National Dex,Season 4,Puerto Rico Stuffuls,Braviary,Staraptor
All Star Premier League,SS Doubles,Season 4,Raichu Are,Garchomp,Dragapult
All Star Premier League,SS Doubles,Season 4,InfernapeGod,Cranidos,Musharna
All Star Premier League,SS Doubles,Season 4,Greenville Blazikens,Drifblim,Noivern
All Star Premier League,SS Doubles,Season 4,Spikemuth Goons,Reuniclus,Uxie
All Star Premier League,SS Doubles,Season 4,Spikemuth Goons,Wartortle,Gothorita
All Star Premier League,SS National Dex,Season 4,Puerto Rico Stuffuls,Venusaur,Rotom-Mow
All Star Premier League,SS National Dex,Season 4,Puerto Rico Stuffuls,Heliolisk,Jellicent
All Star Premier League,SS Galar Dex,Season 4,Detroit Fletchlings,Ferrothorn,Keldeo
All Star Premier League,SS Galar Dex,Season 4,Detroit Fletchlings,Politoed,Espeon
All Star Premier League,SS National Dex,Season 4,San Antonio Espurrs,Passimian,Charizard
All Star Premier League,SS National Dex,Season 4,Spheal With It,Gourgeist,Torterra
All Star Premier League,SS Tier 3 and Below,Season 4,Liberty Delibirds,Togetic,Dusclops
All Star Premier League,SS Doubles,Season 4,Raichu Are,Ludicolo,Clefable
All Star Premier League,SS Doubles,Season 4,Palmetto Politoeds,Dragapult,Rillaboom
All Star Premier League,SS Doubles,Season 4,Palmetto Politoeds,Cinderace,Arcanine
All Star Premier League,SS Doubles,Season 4,Palmetto Politoeds,Manectric-Mega,Gyarados-Mega
All Star Premier League,SS Doubles,Season 4,Palmetto Politoeds,Blastoise,Nihilego
All Star Premier League,SS Galar Dex,Season 4,Seattle Simipours,Liepard,Charizard
All Star Premier League,SS Galar Dex,Season 4,Tupelo Toxicroaks,Blissey,Tangrowth
All Star Premier League,SS Galar Dex,Season 4,Miami Rotom-Heat,Centiskorch,Coalossal
All Star Premier League,SS National Dex,Season 4,Spheal With It,Hariyama,Pangoro
All Star Premier League,SS Galar Dex,Season 4,Miami Rotom-Heat,Skuntank,Ferroseed
All Star Premier League,SS Doubles,Season 4,InfernapeGod,Mandibuzz,Gardevoir
All Star Premier League,SS Tier 3 and Below,Season 4,London Lucarios,Coalossal,Minior
All Star Premier League,SS Tier 3 and Below,Season 4,London Lucarios,Scyther,Cryogonal
All Star Premier League,SS Tier 3 and Below,Season 4,Utah Weez,Sigilyph,Toucannon
All Star Premier League,SS Tier 3 and Below,Season 4,Shanghai Dragonairs,Gallade,Mr.Rime
All Star Premier League,SS National Dex,Season 4,San Antonio Espurrs,Gastrodon,Raichu-Alola
All Star Premier League,SS National Dex,Season 4,San Antonio Espurrs,Pidgeot-Mega,Beedrill-Mega
All Star Premier League,SS Doubles,Season 4,Raichu Are,Togedemaru,Kingdra
All Star Premier League,SS Doubles,Season 4,Raichu Are,Indeedee,Thundurus
All Star Premier League,SS National Dex,Season 4,Colorado Mamoswine,Tangela,Abomasnow
All Star Premier League,SS National Dex,Season 4,Spheal With It,Charizard-Mega-Y,Houndoom-Mega
All Star Premier League,SS National Dex,Season 4,Spheal With It,Mandibuzz,Zapdos
All Star Premier League,SS Tier 3 and Below,Season 4,Pepper Snakes,Gigalith,Pincurchin
All Star Premier League,SS Tier 3 and Below,Season 4,Pepper Snakes,Vileplume,Raichu-Alola
All Star Premier League,SS National Dex,Season 4,East Coast Excadrills,Mismagius,Articuno
ALPH T3 and Below,Main,Season 5,Singapore Sableyes,Whimsicott,Vileplume
ALPH T3 and Below,Main,Season 5,Vegas Night Marchers,Seismitoad,Jellicent
ALPH T3 and Below,Main,Season 5,Impact Mankeys,Scyther,Rapidash-Galar
ALPH T3 and Below,Main,Season 5,New Orleans Sandacondas,Rampardos,Stonjourner
ALPH T3 and Below,Main,Season 5,Singapore Sableyes,Tentacruel,Poliwrath
ALPH T3 and Below,Main,Season 5,Vegas Night Marchers,Forretress,Registeel
ALPH T3 and Below,Main,Season 5,Impact Mankeys,Medicham,Politoed
ALPH T3 and Below,Main,Season 5,Singapore Sableyes,Bewear,Druddigon
ALPH T3 and Below,Main,Season 5,Vegas Night Marchers,Cryogonal,Regice
ALPH T3 and Below,Main,Season 5,Impact Mankeys,Registeel,Mr.Mime-Galar
ALPH T3 and Below,Main,Season 5,Detroit Fletchlings,Avalugg,Articuno
ALPH T3 and Below,Main,Season 5,Liberty Delibirds,Kangaskhan,Cinccino
ALPH T3 and Below,Main,Season 5,Impact Mankeys,Shiinotic,Ferroseed
ALPH T3 and Below,Main,Season 5,Liberty Delibirds,Weezing,Delibird
JFPML,Main,Season 6,Poggers Patrol,Coalossal,Sandslash-Alola
JFPML,Main,Season 6,Cape Cod Comfeys,Seismitoad,Toxapex
JFPML,Main,Season 6,New York Necrozmas,Decidueye,Silvally
JFPML,Main,Season 6,New York Necrozmas,Orbeetle,Ariados
JFPML,Main,Season 6,Glasgow Gloom's,Jynx,Rotom-Frost
JFPML,Main,Season 6,Glasgow Gloom's,Zarude,Pelipper
JFPML,Main,Season 6,Cape Cod Comfeys,Lycanroc-Dusk,Rhyperior
JFPML,Main,Season 6,Poggers Patrol,Togedemaru,Regigigas
JFPML,Main,Season 6,New York Necrozmas,Cinderace,Entei
JFPML,Main,Season 6,Glasgow Gloom's,Dusclops,Shedinja
JFPML,Main,Season 6,Cape Cod Comfeys,Drapion,Samurott
JFPML,Main,Season 6,Glasgow Gloom's,Thundurus-Therian,Cinderace
JFPML,Main,Season 6,Brighton and Hove Ambipoms,Glalie,Sandslash
JFPML,Main,Season 6,Golden State Excadrills,Milotic,Tentacruel
JFPML,Main,Season 6,Poggers Patrol,Articuno,Qwilfish
JFPML,Main,Season 6,Cape Cod Comfeys,Talonflame,Blaziken
JFPML,Main,Season 6,Golden State Excadrills,Steelix,Ferroseed
JFPML,Main,Season 6,Golden State Excadrills,Abomasnow,Aurorus
JFPML,Main,Season 6,Golden State Excadrills,Zoroark,Mudsdale
